Rk,Player,Tm,Age,Pos,G,GS,Int,Tgt,Cmp,Cmp%,Yds,Yds/Cmp,Yds/Tgt,TD,Rat,DADOT,Air,YAC,Bltz,Hrry,QBKD,Sk,Prss,Comb,MTkl,MTkl%,-9999
1,Shaquille Leonard+,IND,23,LLB,15,15,2,96,76,79.20%,686,9,7.1,2,94.7,3.6,243,443,28,1,1,7,9,163,12,6.90%,LeonDa00
2,Leighton Vander Esch*,DAL,22,RLB,16,11,2,90,72,80.00%,602,8.4,6.7,3,96.4,4,233,369,15,1,1,0,2,140,10,6.70%,VandLe00
3,Antoine Bethea,ARI,34,FS,16,16,0,56,37,66.10%,347,9.4,6.2,2,94.9,8.2,206,141,30,4,3,3,10,121,19,13.60%,BethAn20
4,Telvin Smith,JAX,27,LLB,16,16,2,77,59,76.60%,524,8.9,6.8,4,100.8,5,160,364,33,3,1,1,5,134,23,14.60%,SmitTe01
5,Lavonte David,TAM,28,RLB,14,14,0,77,62,80.50%,569,9.2,7.4,4,114.8,3.9,201,368,54,0,2,3.5,6,120,9,7.00%,DaviLa00
6,Luke Kuechly*+,CAR,27,MLB,16,16,1,54,36,66.70%,239,6.6,4.4,2,80.7,2.4,32,207,55,4,3,2,9,130,10,7.10%,KuecLu00
7,Blake Martinez,GNB,24,LILB,16,16,0,61,45,73.80%,410,9.1,6.7,5,118.9,3.6,138,272,61,5,1,5,11,144,12,7.70%,MartBl01
8,Cory Littleton*,LAR,25,LILB,16,16,3,64,47,73.40%,536,11.4,8.4,3,94.3,7.1,255,281,58,4,0,4,8,125,10,7.40%,LittCo01
9,Roquan Smith,CHI,21,RILB,16,14,1,82,60,73.20%,587,9.8,7.2,2,95.9,4.3,233,354,36,4,0,5,9,121,13,9.70%,SmitRo07
10,Tahir Whitehead,OAK,28,RLB,16,16,1,71,53,74.60%,716,13.5,10.1,4,119.2,6.9,269,447,31,2,1,0,3,126,11,8.00%,WhitTa00
11,Jamal Adams*,NYJ,23,SS,16,16,1,60,33,55.00%,405,12.3,6.8,1,74.7,9.8,235,170,69,2,4,3.5,10,115,12,9.40%,AdamJa00
12,Fred Warner,SFO,22,MLB,16,16,0,75,45,60.00%,475,10.6,6.3,3,91.8,5.1,171,304,51,2,2,0,4,124,13,9.50%,WarnFr00
13,Bobby Wagner*+,SEA,28,MLB,15,15,1,69,46,66.70%,475,10.3,6.9,0,80.3,6.1,182,293,41,1,4,1,6,138,1,0.70%,WagnBo00
14,John Johnson,LAR,23,SS,16,16,4,56,38,67.90%,391,10.3,7,4,81.8,8.6,243,148,15,0,2,0,2,119,8,6.30%,JohnJo10
15,Jaylon Smith,DAL,23,MLB,16,16,0,58,46,79.30%,413,9,7.1,2,107.8,5.3,196,217,68,7,2,4,13,121,12,9.00%,SmitJa05
16,Mason Foster,WAS,29,RILB,16,16,2,77,59,76.60%,502,8.5,6.5,1,86.6,3.6,96,406,77,5,0,1,5,131,12,8.40%,FostMa00
17,Anthony Hitchens,KAN,26,LILB,15,15,0,69,59,85.50%,573,9.7,8.3,4,120.6,3.3,194,379,36,4,1,0,5,135,8,5.60%,HitcAn00
18,Shawn Williams,CIN,27,SS,16,16,5,60,41,68.30%,556,13.6,9.3,7,101.8,10.4,391,165,19,2,1,1,4,110,10,8.30%,WillSh02
19,Ha Ha Clinton-Dix,2TM,26,SS,16,16,3,39,26,66.70%,333,12.8,8.5,1,69.7,10.3,209,124,16,0,1,1,2,93,9,8.80%,ClinHa00
20,Todd Davis,DEN,26,LILB,16,16,1,57,46,80.70%,436,9.5,7.6,2,102.9,3.3,118,318,42,2,4,0.5,7,114,15,11.60%,DaviTo01
21,Tremaine Edmunds,BUF,20,MLB,15,15,2,93,73,78.50%,634,8.7,6.8,2,93.3,3.9,222,412,37,4,5,2,11,121,24,16.60%,EdmuTr01
22,Avery Williamson,NYJ,26,RILB,16,16,1,67,48,71.60%,513,10.7,7.7,3,102.4,5.3,242,271,71,5,0,3,8,120,5,4.00%,WillAv00
23,Kiko Alonso,MIA,28,LLB,15,15,3,69,45,65.20%,518,11.5,7.5,5,93.7,6,241,277,50,1,3,0,4,125,12,8.80%,AlonKi00
24,Malcolm Jenkins*,PHI,31,FS,16,16,1,69,48,69.60%,431,9,6.2,2,89.7,8.3,202,229,40,2,0,1,3,97,12,11.00%,JenkMa99
25,Budda Baker,ARI,22,SS,14,13,0,71,55,77.50%,514,9.3,7.2,2,106.2,3.5,134,380,58,8,1,2,12,102,10,8.90%,BakeBu00
26,Danny Trevathan,CHI,28,LILB,16,16,2,64,42,65.60%,389,9.3,6.1,5,95.1,5.3,128,261,54,4,3,2,9,102,10,8.90%,TrevDa00
27,Myles Jack,JAX,23,MLB,16,16,1,49,37,75.50%,380,10.3,7.8,1,95.6,4.4,157,223,47,2,1,2.5,6,107,12,10.10%,JackMy00
28,Derwin James*+,LAC,22,FS,16,16,3,73,49,67.10%,480,9.8,6.6,3,82,6.7,151,329,52,5,2,3.5,11,105,17,13.90%,JameDe00
29,Demario Davis,NOR,29,LLB,16,16,0,67,53,79.10%,482,9.1,7.2,3,111.6,2.7,134,348,84,4,6,5,15,110,14,11.30%,DaviDe00
30,Jessie Bates III,CIN,21,FS,16,16,3,49,31,63.30%,489,15.8,10,1,77.7,13.3,288,201,0,0,0,0,0,111,10,8.30%,BateJe00
31,Jamie Collins,CLE,29,RLB,16,16,1,75,56,74.70%,523,9.3,7,2,96.7,4.1,218,305,95,3,3,4,10,104,18,14.80%,CollJa00
32,Zach Cunningham,HOU,24,RILB,14,14,1,67,51,76.10%,466,9.1,7,3,103.2,6.2,220,246,26,2,1,0,3,107,16,13.00%,CunnZa00
33,Jarrad Davis,DET,24,MLB,16,16,0,52,36,69.20%,287,8,5.5,2,95.6,1.9,78,209,57,7,4,6,17,100,18,15.30%,DaviJa01
34,Jordan Poyer,BUF,27,FS,16,16,4,39,26,66.70%,396,15.2,10.2,4,94.6,12.4,277,119,26,0,1,2,3,100,15,13.00%,PoyeJo00
35,Damarious Randall,CLE,26,SS,15,15,4,60,36,60.00%,556,15.4,9.3,3,79.6,15.5,387,169,8,1,0,0,1,85,10,10.50%,RandDa00
36,Justin Simmons,DEN,25,FS,16,16,3,76,54,71.10%,665,12.3,8.8,3,94.5,9.3,405,260,17,2,0,0,2,97,9,8.50%,SimmJu00
37,Kareem Jackson,HOU,30,RCB,16,16,2,87,57,65.50%,660,11.6,7.6,2,86.4,8.4,397,263,15,1,0,1,2,87,13,13.00%,JackKa99
38,Tyrann Mathieu,HOU,26,SS,16,16,2,79,52,65.80%,590,11.3,7.5,5,98.6,8.1,324,266,27,1,1,3,5,89,8,8.20%,MathTy00
39,C.J. Mosley*,BAL,26,LILB,15,15,1,59,37,62.70%,348,9.4,5.9,3,88.8,5.1,204,144,115,4,1,0.5,6,105,7,6.30%,MoslC.00
40,Justin Reid,HOU,21,FS,16,12,3,43,28,65.10%,474,16.9,11,3,96.5,13.7,348,126,8,1,1,0,2,88,7,7.40%,ReidJu00
41,Zach Brown,WAS,29,LILB,16,12,0,49,36,73.50%,265,7.4,5.4,0,85.8,2.6,85,180,30,3,1,1,5,96,7,6.80%,BrowZa00
42,Raekwon McMillan,MIA,23,MLB,16,16,0,39,32,82.10%,374,11.7,9.6,6,146.2,5,185,189,20,2,0,0,2,105,9,7.90%,McMiRa02
43,Anthony Walker,IND,23,MLB,15,14,1,51,37,72.50%,338,9.1,6.6,4,108.1,3.5,132,206,18,0,0,1,1,105,15,12.50%,WalkAn01
44,Wesley Woodyard,TEN,32,LILB,14,14,0,45,30,66.70%,331,11,7.4,1,95.7,4.5,162,169,40,2,1,4.5,8,113,11,8.90%,WoodWe20
45,Nigel Bradham,PHI,29,RLB,15,15,0,69,50,72.50%,463,9.3,6.7,2,100.1,3.3,114,349,42,2,2,2,6,97,10,9.30%,BradNi00
46,Landon Collins*,NYG,24,SS,12,12,0,59,40,67.80%,530,13.3,9,3,113,8.6,338,192,22,3,2,0,5,96,9,8.60%,CollLa00
47,Adoree' Jackson,TEN,23,RCB,16,13,2,115,65,56.50%,844,13,7.3,6,89.9,12.3,588,256,8,0,0,0,0,73,7,8.80%,JackAd00
48,Harrison Smith*,MIN,29,FS,16,16,3,48,27,56.30%,307,11.4,6.4,2,63.5,10.5,223,84,32,4,1,3,8,84,4,4.50%,SmitHa00
49,Tre Boston,ARI,26,DB,14,13,3,45,25,55.60%,357,14.3,7.9,5,90.7,11.8,240,117,12,1,1,0,2,79,9,10.20%,BostTr00
50,Bradley McDougald,SEA,28,SS,16,16,3,60,46,76.70%,535,11.6,8.9,5,110.1,5.9,225,310,13,1,0,0,1,78,7,8.20%,McDoBr01
51,Adrian Phillips*+,LAC,26,DB,16,7,1,65,38,58.50%,471,12.4,7.2,4,95.1,9.1,297,174,8,1,0,0,1,94,4,4.10%,PhilAd00
52,Jayon Brown,TEN,23,RILB,16,9,1,56,35,62.50%,274,7.8,4.9,0,67.1,3.9,100,174,71,2,3,6,12,97,10,9.30%,BrowJa06
53,Quandre Diggs,DET,25,SS,16,16,3,63,40,63.50%,537,13.4,8.5,3,86.5,9.7,348,189,8,0,1,0,1,78,13,14.30%,DiggQu00
54,Kendall Fuller,KAN,23,LCB,15,15,2,113,76,67.30%,802,10.6,7.1,2,86.2,8.8,457,345,16,1,0,0,1,82,10,10.90%,FullKe00
55,Ron Parker,KAN,31,FS,15,14,2,48,34,70.80%,520,15.3,10.8,3,109.7,14.2,370,150,7,3,0,1,4,77,7,8.30%,ParkRo01
56,Vonn Bell,NOR,24,SS,16,8,0,64,44,68.80%,582,13.2,9.1,4,118.1,7.7,354,228,27,2,2,1,5,89,7,7.30%,BellVo00
57,De'Vondre Campbell,ATL,25,MLB,16,13,0,63,44,69.80%,437,9.9,6.9,3,105.1,4.5,163,274,57,2,0,1.5,4,94,4,4.10%,CampDe00
58,Jeff Heath,DAL,27,SS,16,16,1,60,37,61.70%,464,12.5,7.7,1,84.3,9.9,227,237,3,2,0,0,2,85,14,14.10%,HeatJe00
59,Donte Jackson,CAR,23,RCB,16,16,4,78,46,59.00%,789,17.2,10.1,6,97.6,12.7,540,249,3,0,0,1,1,74,15,16.90%,JackDo02
60,Eric Kendricks,MIN,26,MLB,14,14,2,66,46,69.70%,524,11.4,7.9,2,90.7,4.5,170,354,39,6,0,1,7,108,8,6.90%,KendEr00
61,T.J. McDonald,MIA,27,FS,14,14,3,46,29,63.00%,400,13.8,8.7,4,92.7,11.1,237,163,11,2,0,0,2,86,12,12.20%,McDoTJ00
62,Benardrick McKinney*,HOU,26,LILB,16,16,1,43,28,65.10%,248,8.9,5.8,2,86.2,4,66,182,55,1,3,1.5,6,105,13,11.00%,McKiBe00
63,Kenny Moore,IND,23,LCB,15,15,3,87,62,71.30%,527,8.5,6.1,2,80,6.4,246,281,40,2,0,1.5,4,77,11,12.50%,MoorKe03
64,Curtis Riley,NYG,26,FS,16,16,4,44,26,59.10%,465,17.9,10.6,3,80.2,16.6,297,168,14,1,1,0,2,75,18,19.40%,RileCu00
65,Eli Apple,2TM,23,LCB,15,15,2,118,57,48.30%,869,15.2,7.4,3,74.4,12.7,619,250,0,0,0,0,0,75,15,16.70%,ApplEl00
66,Kevin Byard,TEN,25,FS,16,16,4,40,20,50.00%,214,10.7,5.4,1,34.8,10.2,151,63,21,2,1,2,5,90,7,7.20%,ByarKe01
67,Jalen Ramsey*,JAX,24,LCB,16,16,3,113,61,54.00%,856,14,7.6,3,76.4,13,586,270,0,0,0,0,0,65,5,7.10%,RamsJa00
68,Nick Vigil,CIN,25,LLB,11,10,0,53,40,75.50%,393,9.8,7.4,1,102.2,3.8,95,298,38,3,1,0,4,84,10,10.60%,VigiNi00
69,Jaire Alexander,GNB,21,LCB,13,11,1,91,59,64.80%,818,13.9,9,3,100,11,577,241,11,1,0,0.5,2,66,8,10.80%,AlexJa00
70,Jatavis Brown,LAC,24,LLB,15,10,0,69,54,78.30%,471,8.7,6.8,1,99.9,4.1,217,254,18,2,0,1,3,97,16,14.20%,BrowJa05
71,Clayton Geathers,IND,26,SS,12,12,0,43,29,67.40%,283,9.8,6.6,1,93.5,5.6,130,153,10,2,2,0,4,89,10,10.10%,GeatCl00
72,Jordan Hicks,PHI,26,MLB,12,12,0,45,32,71.10%,370,11.6,8.2,2,110.4,4.5,135,235,47,1,0,3,5,91,5,5.20%,HickJo00
73,Jordan Whitehead,TAM,21,SS,15,11,0,42,29,69.00%,334,11.5,8,1,100.7,12,272,62,5,0,0,0,0,76,13,14.60%,WhitJo03
74,Malcolm Butler,TEN,28,DB,16,11,3,99,63,63.60%,840,13.3,8.5,7,101.4,12.1,622,218,4,1,0,1,2,69,7,9.20%,ButlMa01
75,Pierre Desir,IND,28,RCB,16,12,1,83,45,54.20%,624,13.9,7.5,3,85.6,9.9,367,257,2,0,0,0,0,79,3,3.70%,DesiPi00
76,Damontae Kazee,ATL,25,SS,16,15,7,30,16,53.30%,256,16,8.5,4,82.1,11.8,189,67,1,0,0,0,0,82,13,13.70%,KazeDa00
77,Adrian Amos,CHI,25,FS,16,16,2,54,33,61.10%,299,9.1,5.5,2,73,9.1,219,80,4,2,0,1,3,73,8,9.90%,AmosAd00
78,Sean Davis,PIT,25,FS,15,15,1,49,27,55.10%,457,16.9,9.3,5,112.4,12.6,272,185,4,0,1,0,1,80,15,15.80%,DaviSe00
79,Jackrabbit Jenkins,NYG,30,RCB,16,16,2,101,63,62.40%,786,12.5,7.8,6,98,11.1,587,199,2,0,0,0,0,70,15,17.60%,JenkJa03
80,Devin McCourty,NWE,31,FS,16,16,1,52,32,61.50%,375,11.7,7.2,6,113.9,8.8,258,117,9,2,0,0,2,82,5,5.70%,McCoDe99
81,James Bradberry,CAR,25,LCB,16,16,1,113,50,44.20%,802,16,7.1,6,82.5,13.6,605,197,3,0,0,1,1,70,4,5.40%,BradJa00
82,T.J. Carrie,CLE,28,RCB,16,8,1,93,52,55.90%,637,12.3,6.8,1,76.3,10.4,355,282,9,2,0,1,3,74,9,10.80%,CarrTr00
83,Lamarcus Joyner,LAR,28,FS,15,15,1,35,19,54.30%,279,14.7,8,2,87.7,12.5,211,68,7,1,0,1,2,78,6,7.10%,JoynLa00
84,Steven Nelson,KAN,25,RCB,16,16,4,115,59,51.30%,766,13,6.7,5,72.6,13.2,574,192,1,0,0,0,0,68,13,16.00%,NelsSt01
85,Alec Ogletree,NYG,27,RILB,13,13,5,63,48,76.20%,395,8.2,6.3,3,74.5,4.4,183,212,73,4,3,1,8,93,16,14.70%,OgleAl00
86,Glover Quin,DET,32,FS,16,16,0,42,28,66.70%,400,14.3,9.5,3,121.1,10.5,254,146,8,0,1,1,2,74,7,8.60%,QuinGl99
87,Prince Amukamara,CHI,29,RCB,15,15,3,89,51,57.30%,603,11.8,6.8,3,75.3,11.9,429,174,0,0,0,0,0,66,3,4.30%,AmukPr00
88,Chidobe Awuzie,DAL,23,LCB/RCB,15,14,1,95,54,56.80%,770,14.3,8.1,5,96.4,12,611,159,1,1,0,0,1,71,9,11.30%,AwuzCh00
89,Jerome Baker,MIA,22,RLB,16,11,1,54,40,74.10%,494,12.4,9.1,1,100.4,5.1,137,357,34,0,1,3,4,79,11,12.20%,BakeJe00
90,Reshad Jones,MIA,30,SS,14,13,3,41,23,56.10%,316,13.7,7.7,2,66.7,11.8,224,92,11,1,1,0,2,72,6,7.70%,JoneRe99
91,Joe Schobert,CLE,25,MLB,13,13,1,47,28,59.60%,344,12.3,7.3,2,87.5,8.5,220,124,88,10,1,3,17,103,24,18.90%,SchoJo00
92,Byron Jones*,DAL,26,RCB/LCB,16,16,0,80,42,52.50%,586,14,7.3,2,84.7,13.6,452,134,3,0,0,0,0,67,4,5.60%,JoneBy00
93,Foyesade Oluokun,ATL,23,MLB,16,7,0,43,37,86.00%,343,9.3,8,2,115.4,6.6,155,188,13,2,2,0,4,91,12,11.70%,OluoFo00
94,Lorenzo Alexander,BUF,35,LLB,16,8,2,28,19,67.90%,129,6.8,4.6,0,48.1,2.1,14,115,39,10,4,6.5,21,74,8,9.80%,AlexLo99
95,Terrell Edmunds,PIT,21,SS,16,15,1,42,25,59.50%,336,13.4,8,1,83,8.9,222,114,25,2,2,1,5,78,5,6.00%,EdmuTe00
96,Tre Flowers,SEA,23,RCB,15,15,0,90,57,63.30%,805,14.1,8.9,4,106.9,11.9,517,288,1,0,0,0,0,67,10,13.00%,FlowTr01
97,Shaquill Griffin,SEA,23,LCB,16,16,2,86,57,66.30%,781,13.7,9.1,5,104.8,12,539,242,2,0,0,0,0,62,10,13.90%,GrifSh00
98,Desmond Trufant,ATL,28,RCB,16,16,0,98,58,59.20%,612,10.6,6.2,3,87.6,11.1,429,183,4,3,0,1,4,66,4,5.70%,TrufDe00
99,Kyle Van Noy,NWE,27,MLB,16,16,1,41,32,78.00%,267,8.3,6.5,0,83.6,3.7,90,177,109,9,5,3.5,18,92,16,14.80%,VanNKy00
100,Darqueze Dennard,CIN,27,DB,13,9,0,69,49,71.00%,538,11,7.8,1,98.6,7.4,319,219,8,1,0,0,1,68,6,8.10%,DennDa00
101,Elijah Lee,SFO,22,RLB,16,5,0,38,33,86.80%,301,9.1,7.9,0,99.7,5.3,147,154,17,0,1,1,2,65,4,5.80%,LeexEl00
102,Jason McCourty,NWE,31,LCB,16,12,1,99,52,52.50%,790,15.2,8,5,91.7,11.8,516,274,5,0,0,0,0,70,4,5.40%,McCoJa99
103,Logan Ryan,TEN,27,LCB,14,14,0,64,43,67.20%,515,12,8,2,102,9.2,283,232,36,5,1,4,10,76,3,3.80%,RyanLo00
104,Eric Weddle*,BAL,33,FS,16,16,0,39,25,64.10%,265,10.6,6.8,1,92.4,10.3,172,93,28,1,2,1,4,68,7,9.30%,WeddEr99
105,Calais Campbell*,JAX,32,RDE,16,16,0,0,0,,0,,,0,,,0,0,0,9,8,10.5,28,72,7,8.90%,CampCa99
106,Tony Jefferson,BAL,26,SS,14,14,1,51,31,60.80%,416,13.4,8.2,2,91.6,9.7,325,91,18,0,1,1,2,74,9,10.80%,JeffTo00
107,Brian Poole,ATL,26,RLB,16,9,3,77,44,57.10%,564,12.8,7.3,5,85.6,7.4,294,270,29,0,2,3,5,74,15,16.90%,PoolBr01
108,Haason Reddick,ARI,24,LLB,16,12,0,48,35,72.90%,281,8,5.9,0,87.2,2,71,210,85,2,3,4,9,80,11,12.10%,ReddHa00
109,Jahleel Addae,LAC,28,SS,16,16,1,40,26,65.00%,578,22.2,14.5,0,97.9,18.3,456,122,6,2,0,1,3,75,13,14.80%,AddaJa00
110,Josh Bynes,ARI,29,MLB,11,11,0,46,36,78.30%,378,10.5,8.2,3,122.6,5.3,123,255,32,1,1,2,4,75,8,9.60%,ByneJo00
111,Patrick Chung,NWE,31,SS,15,14,1,80,51,63.80%,515,10.1,6.4,4,93.5,7.8,276,239,42,3,1,0.5,5,84,6,6.70%,ChunPa99
112,Damon Harrison,2TM,30,NT/RDT,17,16,0,0,0,,0,,,0,,,0,0,0,2,3,3.5,9,81,2,2.40%,HarrDa03
113,Rashaan Melvin,OAK,29,LCB,14,7,1,73,40,54.80%,629,15.7,8.6,4,96.2,12,436,193,3,1,0,0,1,56,5,8.20%,MelvRa00
114,Matt Milano,BUF,24,RLB,13,13,3,46,26,56.50%,284,10.9,6.2,3,69.5,5.1,82,202,39,3,2,1,6,78,20,20.40%,MilaMa00
115,Jabrill Peppers,CLE,23,FS,16,16,1,48,29,60.40%,368,12.7,7.7,5,110.4,9.4,206,162,51,1,3,1,5,79,11,12.20%,PeppJa00
116,Buster Skrine,NYJ,29,DB,14,11,0,75,49,65.30%,566,11.6,7.5,4,105.7,7.5,296,270,19,0,0,0.5,1,58,10,14.70%,SkriBu00
117,B.W. Webb,NYG,28,LCB,16,13,1,73,41,56.20%,553,13.5,7.6,2,83.9,13.4,400,153,13,2,0,1,3,59,3,4.80%,WebbBW00
118,Minkah Fitzpatrick,MIA,22,SS,16,11,2,69,39,56.50%,456,11.7,6.6,0,64.6,10.3,238,218,18,1,0,0,1,80,11,12.10%,FitzMi00
119,Joe Haden,PIT,29,LCB,15,15,2,105,53,50.50%,581,11,5.5,4,72,12,407,174,1,0,0,0,0,63,8,11.30%,HadeJo99
120,Danielle Hunter*,MIN,24,LDE,16,16,0,2,2,100.00%,26,13,13,0,118.7,2.5,5,21,0,20,2,14.5,38,72,8,10.00%,HuntDa01
121,Shaq Thompson,CAR,24,LLB,14,11,0,48,35,72.90%,255,7.3,5.3,1,91.9,3.1,115,140,47,7,2,3.5,13,80,10,11.10%,ThomSh01
122,Bobby McCain,MIA,25,RCB,14,13,1,72,50,69.40%,668,13.4,9.3,7,125.2,8.7,398,270,6,0,0,2,2,61,11,15.30%,McCaBo01
123,Eric Reid,CAR,27,SS,13,13,1,35,20,57.10%,358,17.9,10.2,2,99.5,12.1,257,101,16,2,0,1,3,71,10,12.30%,ReidEr00
124,T.J. Watt*,PIT,24,LOLB,16,16,0,27,22,81.50%,198,9,7.3,1,109.6,5,70,128,46,18,7,13,38,68,14,17.10%,WattT.00
125,Vince Williams,PIT,29,RILB,14,14,1,39,25,64.10%,234,9.4,6,2,86.9,5.2,85,149,70,3,4,4.5,12,76,11,12.60%,WillVi01
126,Johnathan Joseph,HOU,34,LCB,14,14,2,91,55,60.40%,669,12.2,7.4,4,88.6,10,453,216,1,0,0,0,0,58,16,21.60%,JoseJo20
127,Marshon Lattimore,NOR,22,RCB,16,16,2,90,58,64.40%,880,15.2,9.8,3,98.4,12.9,608,272,4,0,0,0,0,59,6,9.20%,LattMa01
128,Marcus Williams,NOR,22,FS,16,16,2,31,17,54.80%,343,20.2,11.1,4,106.6,16.9,277,66,5,0,0,1,1,59,4,6.30%,WillMa06
129,Rasul Douglas,PHI,24,LCB,16,7,3,76,53,69.70%,678,12.8,8.9,4,98.5,11,439,239,0,0,0,0,0,58,3,4.90%,DougRa00
130,Christian Jones,DET,27,RLB,16,16,0,30,23,76.70%,239,10.4,8,3,132.5,4.1,86,153,30,1,3,1,5,69,4,5.50%,JoneCh05
131,Jason Pierre-Paul,TAM,29,RDE,16,16,0,2,2,100.00%,10,5,5,0,87.5,4,8,2,0,12,5,12.5,30,58,10,14.70%,PierJa99
132,Mike Adams,CAR,37,FS,16,16,3,41,30,73.20%,539,18,13.1,4,117.2,11.6,381,158,19,2,0,0,2,75,7,8.50%,AdamMi21
133,Desmond King+,LAC,24,DB,16,8,3,87,64,73.60%,508,7.9,5.8,2,81,4.5,140,368,14,2,1,0,3,62,10,13.90%,KingDe01
134,J.J. Watt*+,HOU,29,LDE,16,16,0,2,1,50.00%,1,1,0.5,0,56.2,-3.5,-2,3,0,32,11,16,60,61,8,11.60%,WattJ.00
135,Jonathan Bostic,PIT,27,LILB,16,14,0,40,30,75.00%,331,11,8.3,2,115.7,5.8,136,195,54,5,1,2.5,9,73,2,2.70%,BostJo00
136,A.J. Bouye,JAX,27,RCB,13,13,1,66,42,63.60%,420,10,6.4,0,75.3,9.4,282,138,0,0,0,0,0,54,6,10.00%,BouyA.00
137,Thomas Davis,CAR,35,RLB,12,12,0,45,35,77.80%,324,9.3,7.2,2,111.5,4.4,124,200,50,1,2,0,3,79,7,8.10%,DaviTh20
138,Reggie Ragland,KAN,25,RILB,16,15,1,23,17,73.90%,228,13.4,9.9,1,101.4,4.6,70,158,12,2,0,0.5,3,86,14,14.00%,RaglRe00
139,Darian Stewart,DEN,30,SS,14,14,2,35,25,71.40%,430,17.2,12.3,2,108,8.4,159,271,14,2,0,1,4,60,9,13.00%,StewDa00
140,Alex Anzalone,NOR,24,MLB,16,7,1,32,25,78.10%,238,9.5,7.4,0,84.6,5,112,126,47,4,3,2,9,59,5,7.80%,AnzaAl00
141,Kyle Fuller*+,CHI,26,LCB,16,16,7,121,68,56.20%,808,11.9,6.7,4,63.7,10.8,571,237,0,0,0,0,0,55,5,8.30%,FullKy00
142,Patrick Peterson*,ARI,28,LCB,16,16,2,60,35,58.30%,417,11.9,7,4,88,10.3,261,156,3,1,0,1,2,54,6,10.00%,PetePa00
143,Bradley Roby,DEN,26,LCB,15,15,1,92,58,63.00%,847,14.6,9.2,7,113.8,10.6,481,366,2,0,0,0,0,50,13,20.60%,RobyBr00
144,Briean Boddy-Calhoun,CLE,25,DB,16,8,0,65,45,69.20%,579,12.9,8.9,1,102,6.8,301,278,14,0,3,0,3,56,9,13.80%,BoddBr01
145,DeForest Buckner*,SFO,24,RDT,16,16,0,1,1,100.00%,6,6,6,0,91.7,1,1,5,0,15,6,12,34,67,6,8.20%,BuckDe00
146,Morris Claiborne,NYJ,28,RCB,15,15,2,94,49,52.10%,704,14.4,7.5,4,82,12.8,489,215,0,0,0,0,0,57,9,13.60%,ClaiMo00
147,Tashaun Gipson,JAX,28,FS,16,16,1,46,24,52.20%,341,14.2,7.4,4,96.4,11,195,146,15,2,1,0,3,54,8,12.90%,GipsTa00
148,B.J. Goodson,NYG,25,LILB,15,13,2,30,19,63.30%,170,8.9,5.7,0,50.7,2.8,54,116,19,1,3,0.5,5,61,5,7.60%,GoodB.00
149,Mike Hilton,PIT,24,DB,15,2,1,68,41,60.30%,428,10.4,6.3,2,82.2,7.4,265,163,47,1,3,1,5,57,4,6.60%,HiltMi01
150,Gerald Hodges,ARI,27,TE,16,6,0,22,18,81.80%,160,8.9,7.3,0,97,4.3,59,101,16,1,1,0,2,55,5,8.30%,HodgGe00
151,Jonathan Jones,NWE,25,DB,16,5,3,73,43,58.90%,531,12.3,7.3,4,82.6,8.5,249,282,19,3,1,1.5,6,56,9,13.80%,JoneJo03
152,Tre'Davious White,BUF,23,LCB,16,16,2,73,40,54.80%,461,11.5,6.3,2,71.8,11.6,329,132,1,0,0,0,0,54,7,11.50%,WhitTr01
153,P.J. Williams,NOR,25,MLB,15,7,1,79,50,63.30%,644,12.9,8.2,7,113.1,8.3,356,288,13,0,1,1,2,53,7,11.70%,WillP.00
154,Robert Alford,ATL,30,LCB,15,15,0,79,53,67.10%,902,17,11.4,8,139.3,14,631,271,1,0,0,0,0,50,8,13.80%,AlfoRo00
155,Mark Barron,LAR,29,RILB,12,12,0,37,22,59.50%,214,9.7,5.8,1,84.7,6.2,65,149,8,0,0,1,1,60,7,10.40%,BarrMa00
156,Justin Evans,TAM,23,FS,10,10,1,26,21,80.80%,259,12.3,10,5,131.7,9.6,195,64,2,0,0,0,0,59,5,7.80%,EvanJu00
157,Corey Graham,PHI,33,SS,13,9,1,29,22,75.90%,305,13.9,10.5,3,129.2,13.6,237,68,13,0,0,0,0,56,4,6.70%,GrahCo99
158,Nevin Lawson,DET,27,RCB,15,14,0,73,43,58.90%,520,12.1,7.1,5,103.7,10.3,350,170,6,0,0,1,1,53,3,5.40%,LawsNe00
159,Darron Lee,NYJ,24,LILB,12,12,3,53,36,67.90%,334,9.3,6.3,1,67.6,4,118,216,36,0,1,0,1,74,12,14.00%,LeexDa00
160,Eric Murray,KAN,24,SS,15,9,1,37,21,56.80%,286,13.6,7.7,3,97.4,13.5,208,78,10,1,1,0,2,55,4,6.80%,MurrEr00
161,Dee Ford*,KAN,27,LOLB,16,16,0,7,6,85.70%,81,13.5,11.6,0,114.9,1.7,6,75,50,23,17,13,54,55,2,3.50%,FordDe00
162,Brent Grimes,TAM,35,RCB,13,13,0,57,39,68.40%,541,13.9,9.5,3,116.2,11.7,380,161,0,0,0,0,0,48,4,7.70%,GrimBr20
163,A.J. Klein,NOR,27,RLB,16,15,1,35,22,62.90%,247,11.2,7.1,0,72,5.8,130,117,53,1,2,2,5,70,5,6.70%,KleiAJ00
164,DeMarcus Lawrence*,DAL,26,LDE,16,15,1,1,0,0.00%,0,,0,0,0,0,0,0,0,20,10,10.5,42,64,10,13.50%,LawrDe00
165,D.J. Swearinger,WAS,27,FS,15,15,4,47,29,61.70%,369,12.7,7.9,2,64.9,10.1,234,135,18,5,1,1,7,53,11,17.20%,SweaDJ00
166,Bene Benwikere,2TM,27,DB/RCB,15,8,1,60,38,63.30%,383,10.1,6.4,2,85.6,8.7,207,176,8,0,0,0.5,1,54,8,12.90%,BenwBe00
167,Bradley Chubb,DEN,22,LOLB,16,16,0,13,7,53.80%,120,17.1,9.2,1,111.1,4.3,37,83,66,15,8,12,36,60,13,17.80%,ChubBr00
168,Justin Coleman,SEA,25,DB,16,5,1,78,48,61.50%,524,10.9,6.7,2,84.6,6,185,339,19,2,0,0.5,3,55,9,14.10%,ColeJu01
169,Aaron Donald*+,LAR,27,RDT,16,16,0,1,0,0.00%,0,,0,0,39.6,-2,0,0,0,30,19,20.5,70,59,6,9.20%,DonaAa00
170,Casey Hayward,LAC,29,RCB,16,16,0,66,35,53.00%,501,14.3,7.6,3,93.1,12.2,390,111,0,0,0,0,0,46,2,4.20%,HaywCa00
171,Akiem Hicks*,CHI,29,LDE,16,16,0,1,1,100.00%,6,6,6,0,91.7,4,4,2,0,14,7,7.5,29,55,5,8.30%,HickAk00
172,Micah Hyde,BUF,28,SS,15,15,2,46,25,54.30%,256,10.2,5.6,8,92,12.8,189,67,14,0,0,0,0,58,8,12.10%,HydeMi00
173,Eddie Jackson*+,CHI,25,SS,14,14,6,54,27,50.00%,311,11.5,5.8,2,40.5,11.5,138,173,1,0,0,1,1,51,11,17.70%,JackEd01
174,Xavier Rhodes,MIN,28,RCB,14,14,1,80,49,61.30%,557,11.4,7,2,85.3,10.7,348,209,0,0,0,0,0,47,3,6.00%,RhodXa00
175,Darryl Roberts,NYJ,28,LCB/FS,16,10,1,57,34,59.60%,449,13.2,7.9,4,100.7,12.7,307,142,1,0,1,0,1,48,11,18.60%,RobeDa00
176,Adarius Taylor,TAM,28,MLB,15,10,1,32,25,78.10%,271,10.8,8.5,2,109.8,4.5,130,141,26,2,0,1,3,60,6,9.10%,GlanAd00
177,Michael Thomas*,NYG,28,SS,16,6,2,31,15,48.40%,159,10.6,5.1,0,36.9,7.1,104,55,15,0,0,1,1,59,5,7.80%,ThomMi02
178,Tedric Thompson,SEA,23,FS,14,10,1,22,14,63.60%,269,19.2,12.2,3,126.7,14.6,204,65,1,0,0,0,0,57,11,16.20%,ThomTe00
179,Kenny Vaccaro,TEN,27,SS,13,13,1,32,17,53.10%,198,11.6,6.2,2,79.9,11.5,122,76,17,3,1,2,6,58,4,6.50%,VaccKe00
180,Denzel Ward*,CLE,21,LCB,13,12,3,90,46,51.10%,507,11,5.6,5,72.8,9.9,352,155,0,0,0,0,0,53,10,15.90%,WardDe02
181,Kentrell Brice,GNB,24,FS,14,10,0,32,25,78.10%,378,15.1,11.8,4,155.5,8.4,236,142,8,0,0,1,1,50,18,26.50%,BricKe00
182,Michael Davis,LAC,23,LCB,16,9,0,67,42,62.70%,521,12.4,7.8,3,101.6,9.1,340,181,0,0,0,0,0,50,6,10.70%,DaviMi03
183,Jordan Evans,CIN,23,RLB,14,5,1,25,17,68.00%,189,11.1,7.6,3,113.2,5.3,97,92,8,0,0,1.5,2,61,3,4.70%,EvanJo01
184,Marcus Gilchrist,OAK,30,SS,16,16,3,61,37,60.70%,448,12.1,7.3,9,102.3,13.5,309,139,7,0,0,0,0,58,7,10.80%,GilcMa00
185,Stephon Gilmore*+,NWE,28,RCB,16,16,2,95,46,48.40%,518,11.3,5.5,5,73.9,14.1,420,98,2,0,0,1,1,45,1,2.20%,GilmSt00
186,Chris Harris Jr.*,DEN,29,RCB,12,12,3,71,46,64.80%,497,10.8,7,4,86.4,7.8,345,152,8,0,0,1,1,49,6,10.90%,HarrCh01
187,Isaiah Johnson,TAM,26,DB,15,4,1,26,20,76.90%,316,15.8,12.2,5,140.4,14,220,96,5,0,0,0,0,48,3,5.90%,JohnIs00
188,Josh Jones,GNB,24,FS,13,5,0,27,20,74.10%,220,11,8.1,1,110.1,7.9,146,74,27,1,0,1,2,55,7,11.30%,JoneJo06
189,Josh Norman,WAS,31,RCB,16,16,3,86,57,66.30%,733,12.9,8.5,8,109.3,8.5,396,337,0,0,0,0,0,64,11,14.70%,NormJo01
190,Coty Sensabaugh,PIT,30,RCB,15,10,0,61,35,57.40%,397,11.3,6.5,4,98.9,11.2,279,118,1,0,0,0,0,45,2,4.30%,SensCo00
191,Darius Slay*,DET,27,LCB,15,15,3,94,44,46.80%,520,11.8,5.5,6,72.1,14.2,403,117,1,0,0,0,0,43,3,6.50%,SlayDa00
192,K'Waun Williams,SFO,27,DB,14,11,0,53,40,75.50%,389,9.7,7.3,3,114.4,5.9,156,233,19,4,0,0,4,45,8,15.10%,WillKW00
193,Tramon Williams,GNB,35,SS/LCB,16,16,0,62,34,54.80%,427,12.6,6.9,7,114.1,10.3,275,152,15,0,0,0,0,54,7,11.50%,WillTr99
194,Kenny Young,BAL,24,LB,16,3,0,23,15,65.20%,93,6.2,4,1,87.8,1.6,-1,94,36,4,6,2.5,13,51,8,13.60%,YounKe03
195,Anthony Barr*,MIN,26,RLB,13,13,0,34,27,79.40%,284,10.5,8.4,3,130.9,3,64,220,72,6,0,3,9,55,7,11.30%,BarrAn00
196,Bryce Callahan,CHI,27,DB,13,10,2,53,38,71.70%,350,9.2,6.6,1,79.9,5.7,126,224,18,3,3,2,8,45,6,11.80%,CallBr00
197,Brandon Carr,BAL,32,LCB,16,16,2,92,46,50.00%,696,15.1,7.6,0,66.2,11.8,404,292,14,1,1,0,2,45,8,15.10%,CarrBr99
198,Ronald Darby,PHI,24,RCB,9,9,1,82,50,61.00%,525,10.5,6.4,3,86.7,10.7,400,125,1,0,0,0,0,43,7,14.00%,DarbRo00
199,D.J. Hayden,JAX,28,DB,10,6,1,49,37,75.50%,256,6.9,5.2,1,85.1,4.3,53,203,15,0,1,1,2,46,8,14.80%,HaydDJ00
200,Josh Jackson,GNB,22,RCB/DB,16,10,0,64,40,62.50%,557,13.9,8.7,3,106.1,9.6,326,231,19,2,0,0,2,49,11,18.30%,JackJo01
201,Xavier Woods,DAL,23,FS,14,14,2,40,24,60.00%,298,12.4,7.5,2,79,8,163,135,0,0,0,0,0,56,6,9.70%,WoodXa00
202,Anthony Brown,DAL,25,DB,15,10,1,64,40,62.50%,515,12.9,8,5,107.2,8.9,248,267,17,0,1,2,3,44,8,15.40%,BrowAn02
203,Jadeveon Clowney*,HOU,25,ROLB,15,14,0,1,0,0.00%,0,,0,0,39.6,2,0,0,20,27,11,9,48,47,8,14.50%,ClowJa00
204,L.J. Fort,PIT,28,LB,15,2,0,25,19,76.00%,203,10.7,8.1,1,112.6,6.1,111,92,31,2,1,1,4,48,3,5.90%,FortL.00
205,Josey Jewell,DEN,24,RILB,16,9,0,31,20,64.50%,180,9,5.8,3,112.3,3.7,45,135,13,1,0,0,1,58,4,6.50%,JeweJo00
206,Chandler Jones,ARI,28,RDE,16,16,0,4,4,100.00%,12,3,3,0,79.2,1.3,5,7,6,19,6,13,39,49,8,14.00%,JoneCh03
207,Captain Munnerlyn,CAR,30,DB,16,5,1,73,48,65.80%,512,10.7,7,2,89.5,7.3,229,283,31,4,0,2,6,47,3,6.00%,MunnCa99
208,Hardy Nickerson,CIN,24,MLB,16,7,0,36,27,75.00%,325,12,9,2,120.7,5.1,156,169,25,0,0,0,0,57,5,8.10%,NickHa02
209,Orlando Scandrick,KAN,31,LCB,15,7,1,92,52,56.50%,535,10.3,5.8,5,87,11.2,373,162,0,0,0,0,0,44,5,10.20%,ScanOr99
210,Khalil Mack*+,CHI,27,LOLB,14,13,1,8,6,75.00%,96,16,12,1,114.6,5,27,69,19,26,8,12.5,47,47,6,11.30%,MackKh00
211,Barkevious Mingo,SEA,28,LLB,16,14,0,24,20,83.30%,164,8.2,6.8,0,95.1,1.8,35,129,35,2,1,1,4,48,8,14.30%,MingBa00
212,Fabian Moreau,WAS,24,LCB,16,10,1,62,38,61.30%,570,15,9.2,3,100.9,9.8,350,220,10,2,0,0,2,58,5,7.90%,MoreFa00
213,Patrick Onwuasor,BAL,26,RILB,16,12,1,28,21,75.00%,161,7.7,5.8,2,97.5,3.7,61,100,43,0,5,5.5,11,59,9,13.20%,OnwuPa00
214,Duke Riley,ATL,24,LLB,16,10,0,32,20,62.50%,179,9,5.6,1,87.9,3.9,48,131,4,0,0,0,0,60,8,11.80%,RileDu00
215,Jabaal Sheard,IND,29,LDE/RDE,16,16,0,4,3,75.00%,15,5,3.8,0,80.2,-1,-1,16,0,11,4,5.5,23,50,6,10.70%,SheaJa00
216,Mackensie Alexander,MIN,25,DB,15,6,0,53,35,66.00%,318,9.1,6,0,82.1,5,93,225,17,1,0,4,5,43,5,10.40%,AlexMa01
217,Jurrell Casey*,TEN,29,RDE/NT,15,15,0,0,0,,0,,,0,,,0,0,2,15,5,7,28,62,5,7.50%,CaseJu00
218,Kenny Clark,GNB,23,NT,13,13,0,1,1,100.00%,9,9,9,0,104.2,5,5,4,1,7,2,6,15,55,5,8.30%,ClarKe01
219,Carlton Davis,TAM,22,LCB,13,12,0,62,39,62.90%,492,12.6,7.9,6,119.8,11.6,364,128,1,0,0,0,0,40,7,14.90%,DaviCa02
220,Erik Harris,OAK,28,DB,16,4,2,26,12,46.20%,151,12.6,5.8,2,58.3,16.5,119,32,12,0,1,0,1,49,4,7.50%,HarrEr00
221,Linval Joseph,MIN,30,RDT,15,15,0,1,1,100.00%,-5,-5,-5,0,79.2,-5,-5,0,0,3,1,1,5,58,3,4.90%,JoseLi99
222,Marquel Lee,OAK,23,MLB,16,10,0,25,18,72.00%,120,6.7,4.8,0,82.1,2.6,11,109,14,2,3,0,5,68,6,8.10%,LeexMa01
223,Jalen Mills,PHI,24,LCB,8,8,0,61,39,63.90%,636,16.3,10.4,2,109.7,12.6,426,210,1,0,0,0,0,42,8,16.00%,MillJa02
224,Ndamukong Suh,LAR,31,LDT,16,16,0,2,2,100.00%,12,6,6,0,91.7,1.5,3,9,0,5,8,4.5,18,59,3,4.80%,SuhxNd99
225,Jonathan Allen,WAS,23,LDE,16,16,0,0,0,,0,,,0,,,0,0,0,8,5,8,22,61,4,6.20%,AlleJo01
226,Quinton Dunbar,WAS,26,LCB,7,6,2,47,31,66.00%,367,11.8,7.8,4,100.2,8.2,197,170,0,0,0,0,0,39,3,7.10%,DunbQu00
227,Myles Garrett*,CLE,23,LDE,16,16,0,4,3,75.00%,30,10,7.5,0,95.8,4.5,6,24,19,19,13,13.5,48,44,6,12.00%,GarrMy00
228,Trumaine Johnson,NYJ,28,LCB,10,10,4,72,43,59.70%,535,12.4,7.4,2,68.9,10.1,332,203,1,0,0,0,0,40,5,11.10%,JohnTr05
229,Chris Jones,KAN,24,RDE,16,11,1,1,1,100.00%,-1,-1,-1,0,39.6,-1,-1,0,0,19,13,15.5,49,40,5,11.10%,JoneCh09
230,Cameron Jordan*,NOR,29,LDE,16,16,0,3,2,66.70%,20,10,6.7,0,85.4,5,11,9,2,24,7,12,43,49,6,10.90%,JordCa00
231,Dre Kirkpatrick,CIN,29,LCB,13,13,0,72,36,50.00%,504,14,7,2,82.2,14.2,361,143,1,0,0,0,0,41,8,16.30%,KirkDr00
232,Daron Payne,WAS,21,NT,16,16,0,0,0,,0,,,0,,,0,0,0,6,2,5,13,56,3,5.10%,PaynDa00
233,Tavon Young,BAL,24,DB,15,6,1,53,33,62.30%,435,13.2,8.2,5,111.8,8.8,239,196,40,2,0,2,4,37,9,19.60%,YounTa01
234,Kwon Alexander,TAM,24,MLB,6,6,0,26,24,92.30%,170,7.1,6.5,2,119.6,2,53,117,28,0,1,1,2,45,5,10.00%,AlexKw00
235,Antone Exum,SFO,27,FS,15,7,1,19,11,57.90%,181,16.5,9.5,1,85.6,15.2,134,47,9,1,0,1,2,40,7,14.90%,ExumAn00
236,Leonard Floyd,CHI,26,ROLB,16,16,1,14,12,85.70%,88,7.3,6.3,1,86.9,4.1,49,39,18,13,6,4,23,47,7,13.00%,FloyLe00
237,Anthony Harris,MIN,27,SS,15,9,3,17,10,58.80%,110,11,6.5,1,58.1,11.4,81,29,7,0,1,0,1,46,3,6.10%,HarrAn01
238,William Jackson III,CIN,26,RCB,16,16,0,77,44,57.10%,566,12.9,7.4,7,110.6,12,359,207,1,0,0,0,0,41,8,16.30%,JackWi02
239,Taron Johnson,BUF,22,DB,11,2,1,41,25,61.00%,154,6.2,3.8,2,74.6,5.5,52,102,10,2,0,1,3,42,7,14.30%,JohnTa01
240,Deion Jones,ATL,24,LLB/MLB,6,6,2,31,23,74.20%,209,9.1,6.7,1,75.9,4.7,127,82,5,0,0,1,1,53,7,11.70%,JoneDe01
241,Karl Joseph,OAK,25,FS,13,8,1,14,8,57.10%,120,15,8.6,2,95.2,14.9,89,31,19,1,0,2,3,48,4,7.70%,JoseKa00
242,Terrance Mitchell,CLE,26,RCB,8,7,1,54,30,55.60%,343,11.4,6.4,2,79.5,8.6,175,168,2,0,0,0,0,38,0,0.00%,MitcTe00
243,Jarran Reed,SEA,26,LDT,16,16,0,1,1,100.00%,6,6,6,0,91.7,3,3,3,0,8,12,10.5,31,50,4,7.40%,ReedJa02
244,A'Shawn Robinson,DET,23,LDT,13,7,0,0,0,,0,,,0,,,0,0,0,8,1,1,10,49,2,3.90%,RobiAS00
245,Jimmy Smith,BAL,30,RCB,12,10,2,61,33,54.10%,417,12.6,6.8,2,72.9,12.3,304,113,2,0,0,0,0,45,6,11.80%,SmitJi03
246,Trae Waynes,MIN,26,LCB,14,14,1,58,37,63.80%,441,11.9,7.6,1,85.5,12.9,352,89,1,0,0,0,0,44,1,2.20%,WaynTr00
247,Arik Armstead,SFO,25,RDE,16,16,0,1,1,100.00%,16,16,16,0,118.7,-5,-5,21,0,14,5,3,22,48,7,12.70%,ArmsAr01
248,Michael Brockers,LAR,28,LDE,16,16,0,1,0,0.00%,0,,0,0,39.6,-2,0,0,0,6,2,1,9,54,3,5.30%,BrocMi00
249,Frank Clark,SEA,25,RDE,16,16,1,5,5,100.00%,34,6.8,6.8,0,55.4,0.8,4,30,2,22,12,13,48,41,11,21.20%,ClarFr01
250,Fletcher Cox*+,PHI,28,RDT,16,16,0,2,2,100.00%,2,1,1,0,79.2,-5,-10,12,0,15,18,10.5,45,46,3,6.10%,CoxxFl00
251,Rashaan Evans,TEN,23,RILB,15,7,0,20,14,70.00%,137,9.8,6.9,0,89,4.8,79,58,25,2,1,0,3,53,6,10.20%,EvanRa01
252,Kamu Grugier-Hill,PHI,24,LLB,16,10,1,19,15,78.90%,107,7.1,5.6,0,68.2,5.3,40,67,8,0,1,1,2,45,3,6.30%,GrugKa00
253,Derrick Kindred,CLE,25,DB,16,2,1,23,18,78.30%,247,13.7,10.7,1,107.8,6.8,159,88,22,0,1,0,1,45,7,13.50%,KindDe00
254,Larry Ogunjobi,CLE,24,LDT,16,16,0,2,2,100.00%,18,9,9,0,104.2,4.5,9,9,0,9,7,5.5,23,52,3,5.50%,OgunLa00
255,Corey Peters,ARI,30,LDT,15,15,0,0,0,,0,,,0,,,0,0,0,3,1,2.5,7,50,4,7.40%,PeteCo00
256,Marcus Peters,LAR,25,LCB,16,16,3,78,50,64.10%,732,14.6,9.4,6,104.2,10.1,489,243,2,0,1,0,1,43,7,14.00%,PeteMa00
257,Austin Calitro,SEA,24,RLB,16,5,0,22,18,81.80%,170,9.4,7.7,2,129.2,5.1,72,98,5,0,0,0.5,1,45,4,8.20%,CaliAu00
258,Barry Church,JAX,30,SS,11,11,1,30,16,53.30%,283,17.7,9.4,4,111.5,12.3,169,114,5,0,1,1,2,38,6,13.60%,ChurBa99
259,Trey Flowers,NWE,25,LDE,15,15,0,5,3,60.00%,13,4.3,2.6,0,64.6,-2.6,-7,20,1,17,10,7.5,36,57,2,3.40%,FlowTr00
260,Rodney Gunter,ARI,26,RDT,16,10,0,0,0,,0,,,0,,,0,0,0,7,4,4.5,16,44,4,8.30%,GuntRo00
261,Javon Hargrave,PIT,25,NT,16,14,0,0,0,,0,,,0,,,0,0,0,2,1,6.5,10,49,1,2.00%,HargJa00
262,Duron Harmon,NWE,27,DB,16,6,4,18,11,61.10%,198,18,11,1,77.8,14.9,132,66,14,0,1,0,1,38,1,2.60%,HarmDu00
263,B.J. Hill,NYG,23,LDE,16,12,0,0,0,,0,,,0,,,0,0,0,7,1,5.5,14,48,2,4.00%,HillB.00
264,Jaquiski Tartt,SFO,26,SS,8,8,1,29,20,69.00%,205,10.3,7.1,2,97.6,6.6,98,107,12,0,0,0,0,42,5,10.60%,TartJa00
265,Carlos Dunlap,CIN,29,LDE,16,16,0,2,2,100.00%,5,2.5,2.5,0,79.2,-3.5,-7,12,1,18,12,8,38,47,3,6.00%,DunlCa99
266,Phillip Gaines,2TM,27,DB/RCB,11,6,0,35,22,62.90%,290,13.2,8.3,1,98.5,11.3,235,55,2,0,0,0,0,39,1,2.50%,GainPh00
267,Davon Godchaux,MIA,24,LDT,16,16,0,0,0,,0,,,0,,,0,0,1,4,3,1,8,48,5,9.40%,GodcDa00
268,Brandon Graham,PHI,30,RDE,16,16,0,2,1,50.00%,4,4,2,0,56.2,-3,-3,7,3,17,4,4,26,39,6,13.30%,GrahBr99
269,Marlon Humphrey,BAL,22,RCB,14,8,2,89,42,47.20%,471,11.2,5.3,4,69.1,11,310,161,0,0,0,0,0,37,8,17.80%,HumpMa00
270,Dean Lowry,GNB,24,LDE,16,8,0,0,0,,0,,,0,,,0,0,1,9,2,3,14,44,7,13.70%,LowrDe00
271,Benson Mayowa,ARI,27,DE,15,4,0,2,0,0.00%,0,,0,0,39.6,4,0,0,0,7,5,4,16,38,5,11.60%,MayoBe00
272,Sharrod Neasman,ATL,27,DB,12,0,0,33,22,66.70%,238,10.8,7.2,4,127.3,7.8,144,94,4,0,0,0,0,44,7,13.70%,NeasSh00
273,Elandon Roberts,NWE,24,RLB,16,11,0,26,19,73.10%,229,12.1,8.8,0,99.7,4.9,108,121,22,1,1,1,3,65,4,5.80%,RobeEl00
274,Ryan Smith,TAM,25,LCB,16,6,1,43,27,62.80%,320,11.9,7.4,4,106.7,12,248,72,0,0,0,0,0,38,3,7.30%,SmitRy00
275,M.J. Stewart,TAM,23,DB,11,5,0,45,37,82.20%,423,11.4,9.4,4,135.5,7.4,204,219,19,1,1,0,2,33,4,10.80%,StewM.00
276,Greg Stroman,WAS,22,DB,15,3,1,44,28,63.60%,439,15.7,10,3,109.9,11.3,241,198,2,1,0,0,1,38,3,7.30%,StroGr00
277,Eric Wilson,MIN,24,LB,16,4,0,19,16,84.20%,95,5.9,5,1,105,0.7,14,81,15,1,1,2,4,42,5,10.60%,WilsEr00
278,Derek Wolfe,DEN,28,LDE,16,16,1,0,0,,0,,,0,,,0,0,0,5,3,1.5,10,43,0,0.00%,WolfDe00
279,Genard Avery,CLE,23,LLB,16,5,0,21,14,66.70%,168,12,8,1,106.8,5.3,58,110,77,12,8,4.5,25,40,3,7.00%,AverGe00
280,Tony Brown,GNB,23,DB,11,3,0,39,22,56.40%,223,10.1,5.7,2,90,9.5,165,58,0,0,0,0,0,34,2,5.60%,BrowTo01
281,Deone Bucannon,ARI,26,DB,13,6,0,17,12,70.60%,114,9.5,6.7,1,108.5,3,39,75,20,2,1,1,4,38,7,15.60%,BucaDe00
282,Rafael Bush,BUF,31,DB,15,7,0,37,30,81.10%,281,9.4,7.6,3,125.3,5,114,167,15,1,0,1.5,3,45,6,11.80%,BushRa00
283,Lorenzo Carter,NYG,23,LB,15,2,0,6,4,66.70%,8,2,1.3,0,70.1,4.3,6,2,32,10,5,4,19,43,0,0.00%,CartLo01
284,Bud Dupree,PIT,25,ROLB,16,15,1,10,9,90.00%,87,9.7,8.7,0,63.3,3,31,56,76,13,6,5.5,25,42,3,6.70%,DuprAl00
285,Holton Hill,MIN,21,DB,16,3,1,24,13,54.20%,142,10.9,5.9,1,68.4,15.5,124,18,0,0,0,0,0,36,3,7.70%,HillHo00
286,Malik Hooker,IND,22,FS,14,14,2,19,14,73.70%,302,21.6,15.9,2,111.1,18.8,195,107,0,0,0,0,0,44,5,10.20%,HookMa00
287,Jerry Hughes,BUF,30,RDE,16,16,0,3,1,33.30%,13,13,4.3,0,47.9,4.7,12,1,3,21,10,7,39,37,10,21.30%,HughJe99
288,Devon Kennard,DET,27,LLB,15,15,0,8,5,62.50%,40,8,5,0,75,0,-5,45,61,13,5,7,25,46,3,6.10%,KennDe00
289,Ryan Kerrigan*,WAS,30,ROLB,16,16,0,5,2,40.00%,21,10.5,4.2,0,52.9,5,1,20,32,12,4,13,30,43,2,4.40%,KerrRy00
290,Marcus Maye,NYJ,25,FS,6,6,1,13,7,53.80%,101,14.4,7.8,2,86.9,14.4,64,37,1,0,0,0.5,1,34,5,12.80%,MayeMa00
291,Nicholas Morrow,OAK,23,LLB,16,5,0,27,20,74.10%,177,8.9,6.6,0,91.1,1.1,13,164,15,2,1,1,4,43,9,17.30%,MorrNi00
292,Denzel Perryman,LAC,26,MLB,9,9,1,28,15,53.60%,167,11.1,6,2,80.5,4.8,71,96,4,2,1,0,3,51,9,15.00%,PerrDe00
293,D.J. Reed,SFO,22,DB,15,2,0,16,14,87.50%,122,8.7,7.6,1,119.3,9.3,61,61,8,2,0,1,3,41,5,10.90%,ReedD.00
294,Richard Sherman,SFO,30,LCB,14,14,0,39,24,61.50%,287,12,7.4,1,92.6,11.9,200,87,1,0,0,1,1,37,2,5.10%,SherRi00
295,Preston Smith,WAS,26,LOLB,16,16,1,12,9,75.00%,36,4,3,0,42.4,2,12,24,32,12,9,4,26,53,9,14.50%,SmitPr00
296,Tavon Wilson,DET,28,DB,15,3,0,21,13,61.90%,126,9.7,6,1,94.5,7.9,82,44,3,0,0,1,1,36,4,10.00%,WilsTa00
297,Ahkello Witherspoon,SFO,23,RCB,14,12,0,78,43,55.10%,493,11.5,6.3,7,104.3,12.4,329,164,1,0,0,0,0,37,5,11.90%,WithAh00
298,Daryl Worley,OAK,23,LCB,10,9,1,38,22,57.90%,272,12.4,7.2,4,104.3,11.4,220,52,0,0,0,0,0,33,9,21.40%,WorlDa00
299,Andrew Adams,TAM,26,DB,13,4,4,39,23,59.00%,264,11.5,6.8,0,39.9,9.4,179,85,3,0,1,0,1,38,8,17.40%,AdamAn00
300,Kyler Fackrell,GNB,27,ROLB,16,7,0,10,4,40.00%,30,7.5,3,0,47.9,7.5,7,23,41,6,1,10.5,18,42,7,14.30%,FackKy00
301,Ben Gedeon,MIN,24,LLB,15,8,0,12,8,66.70%,85,10.6,7.1,0,87.2,5.7,24,61,5,0,0,0,0,53,3,5.40%,GedeBe00
302,Grant Haley,NYG,22,LOLB,10,9,0,36,23,63.90%,298,13,8.3,4,126.9,6.2,113,185,15,2,0,0,2,33,1,2.90%,HaleGr00
303,Cameron Heyward*,PIT,29,DT,16,16,0,1,0,0.00%,0,,0,0,39.6,3,0,0,0,7,9,8,25,51,1,1.90%,HeywCa01
304,Troy Hill,LAR,27,RCB,16,7,2,47,29,61.70%,458,15.8,9.7,4,104.7,13.1,340,118,0,0,0,0,0,34,4,10.50%,HillTr01
305,Matt Judon,BAL,26,ROLB,16,8,0,14,6,42.90%,52,8.7,3.7,0,53.3,0.4,-10,62,70,18,10,7,36,44,7,13.70%,JudoMa00
306,Christian Kirksey,CLE,26,LLB,7,7,2,42,31,73.80%,322,10.4,7.7,2,91.6,5,126,196,37,2,1,0,3,43,8,15.70%,KirkCh00
307,Clay Matthews,GNB,32,LOLB,16,16,0,6,4,66.70%,88,22,14.7,0,109.7,2.3,17,71,63,10,7,3.5,21,43,7,14.00%,MattCl99
308,Von Miller*,DEN,29,ROLB,16,16,1,5,4,80.00%,43,10.8,8.6,1,102.5,2.2,16,27,88,12,7,14.5,35,48,6,11.10%,MillVo00
309,Montae Nicholson,WAS,23,SS,14,7,0,15,8,53.30%,82,10.3,5.5,1,91.5,6.9,15,67,8,0,0,0,0,41,7,14.60%,NichMo00
310,Kawann Short*,CAR,29,LDT,14,14,0,0,0,,0,,,0,,,0,0,0,9,3,3,16,42,5,10.60%,ShorKa00
311,Denico Autry,IND,28,RDT,12,11,0,1,1,100.00%,12,12,12,0,116.7,-2,-2,14,0,7,2,9,18,37,3,7.50%,AutrDe00
312,Marqui Christian,LAR,24,DB,16,0,0,36,23,63.90%,307,13.3,8.5,0,90.9,9.9,181,126,10,0,1,0,1,36,4,10.00%,ChriMa00
313,Ken Crawley,NOR,25,LCB,10,5,0,47,33,70.20%,514,15.6,10.9,4,134.5,13.3,398,116,3,2,0,0,2,31,2,6.10%,CrawKe02
314,Justin Houston,KAN,29,ROLB,12,12,1,10,7,70.00%,55,7.9,5.5,0,43.7,0.1,3,52,23,15,4,9,29,37,6,14.00%,HousJu00
315,Melvin Ingram*,LAC,29,RDE,16,16,1,1,1,100.00%,5,5,5,0,47.9,-3,-3,8,20,16,7,7,31,43,5,10.40%,IngrMe00
316,Avonte Maddox,PHI,22,RCB/SS,13,9,2,42,19,45.20%,243,12.8,5.8,1,52,12.1,183,60,2,0,0,0.5,1,35,4,10.30%,MaddAv00
317,Romeo Okwara,DET,23,LDE,15,14,0,3,1,33.30%,23,23,7.7,0,61.8,1,1,22,11,9,6,7.5,23,39,2,4.90%,OkwaRo01
318,Dalvin Tomlinson,NYG,24,RDE/NT,16,16,0,2,1,50.00%,14,14,7,0,72.9,2.5,8,6,0,8,0,0,8,59,1,1.70%,TomlDa00
319,Damien Wilson,DAL,25,LLB,16,7,0,21,16,76.20%,170,10.6,8.1,2,131.1,5.8,66,104,15,3,0,1,4,37,8,17.80%,WilsDa02
320,Allen Bailey,KAN,29,LDE,16,13,0,1,1,100.00%,-2,-2,-2,0,79.2,-4,-4,2,0,8,3,6,17,38,9,19.10%,BailAl00
321,Preston Brown,CIN,26,MLB,7,7,2,24,17,70.80%,156,9.2,6.5,0,53.5,2.8,45,111,11,2,0,0,2,42,1,2.30%,BrowPr00
322,Reggie Gilbert,GNB,25,DE,16,0,0,5,4,80.00%,32,8,6.4,0,93.3,3.6,16,16,31,10,5,2.5,18,38,6,13.60%,GilbRe01
323,Eddie Goldman,CHI,24,NT,16,16,0,0,0,,0,,,0,,,0,0,0,5,0,3,8,40,0,0.00%,GoldEd00
324,Sam Hubbard,CIN,23,DE,16,0,0,5,4,80.00%,52,13,10.4,1,149.6,-0.8,0,52,1,5,2,6,13,39,6,13.30%,HubbSa00
325,Grady Jarrett,ATL,25,RDT,14,14,0,1,1,100.00%,5,5,5,0,87.5,3,3,2,0,14,7,6,28,52,4,7.10%,JarrGr00
326,Jayron Kearse,MIN,24,DB,16,1,0,17,12,70.60%,80,6.7,4.7,0,80.5,3.3,28,52,1,0,0,0.5,1,32,1,3.00%,KearJa00
327,Cassius Marsh,SFO,26,DE,16,3,0,11,7,63.60%,51,7.3,4.6,0,74.4,5.4,19,32,6,18,7,5.5,31,38,3,7.30%,MarsCa00
328,Antonio Morrison,GNB,24,RILB,16,8,0,12,10,83.30%,91,9.1,7.6,0,98.3,3.8,41,50,14,0,1,1,2,48,7,12.70%,MorrAn01
329,Jordan Richards,ATL,25,FS,15,12,0,30,21,70.00%,239,11.4,8,1,104.7,4.6,53,186,4,0,1,0,1,39,5,11.40%,RichJo00
330,Stephon Tuitt,PIT,25,RDE,14,14,0,1,1,100.00%,8,8,8,0,100,2,2,6,0,14,12,5.5,32,45,2,4.30%,TuitSt00
331,Leonard Williams,NYJ,24,LDE,16,16,0,0,0,,0,,,0,,,0,0,0,8,12,5,26,42,10,19.20%,WillLe02
332,Tae Davis,NYG,22,LB,14,4,0,23,17,73.90%,198,11.6,8.6,1,114,4.7,103,95,14,1,2,2,5,33,7,17.50%,DaviTa00
333,Neville Hewitt,NYJ,25,LB,16,4,0,22,13,59.10%,156,12,7.1,1,96,5.4,70,86,10,0,0,1.5,2,39,4,9.30%,HewiNe00
334,Maurice Hurst Jr.,OAK,23,LDT,13,10,0,1,1,100.00%,0,0,0,0,79.2,-1,-1,1,0,2,0,4,6,31,0,0.00%,HursMa00
335,Sheldon Rankins,NOR,24,LDT,16,16,0,6,5,83.30%,28,5.6,4.7,0,86.1,1.8,6,22,0,12,5,8,25,40,3,7.00%,RankSh00
336,Sheldon Richardson,MIN,28,LDT,16,16,0,0,0,,0,,,0,,,0,0,0,12,7,4.5,25,49,4,7.50%,RichSh00
337,Za'Darius Smith,BAL,26,ROLB,16,8,0,8,5,62.50%,49,9.8,6.1,0,79.7,1.6,8,41,49,12,13,8.5,35,45,2,4.30%,SmitZa00
338,Charvarius Ward,KAN,22,DB,13,2,0,19,15,78.90%,182,12.1,9.6,1,124.1,11.1,156,26,0,0,0,0,0,30,0,0.00%,WardCh01
339,Ramik Wilson,LAR,26,LB,16,4,0,16,11,68.80%,84,7.6,5.3,0,81.2,1.1,16,68,3,0,0,0,0,35,1,2.80%,WilsRa00
340,Michael Bennett,PHI,33,LDE,16,10,0,2,2,100.00%,13,6.5,6.5,0,93.7,1.5,3,10,0,18,18,9,46,34,5,12.80%,BennMi99
341,Samson Ebukam,LAR,23,LOLB,16,14,1,13,8,61.50%,34,4.3,2.6,0,33.8,1.7,-11,45,79,19,4,3,26,40,11,21.60%,EbukSa00
342,Reuben Foster,SFO,24,RLB,6,6,0,24,16,66.70%,178,11.1,7.4,1,102.4,5.2,61,117,20,0,2,0,2,29,10,25.60%,FostRe00
343,Markus Golden,ARI,27,LDE,11,11,0,0,0,,0,,,0,,,0,0,3,6,4,2.5,13,30,1,3.20%,GoldMa00
344,Adam Gotsis,DEN,26,RDE,16,12,0,0,0,,0,,,0,,,0,0,0,2,4,3,9,38,2,5.00%,GotsAd00
345,Lawrence Guy,NWE,28,LDT,16,15,0,1,0,0.00%,0,,0,0,39.6,-5,0,0,0,3,9,1,13,59,2,3.30%,GuyxLa00
346,Nate Hairston,IND,24,RCB,13,7,0,30,22,73.30%,288,13.1,9.6,2,125.4,8.8,183,105,3,0,0,0,0,30,4,11.80%,HairNa00
347,Xavien Howard*,MIA,25,LCB,12,12,7,63,33,52.40%,433,13.1,6.9,5,61.2,14.4,253,180,2,0,0,0,0,35,6,14.60%,HowaXa00
348,Malik Jackson,JAX,28,RDT,16,10,0,2,2,100.00%,28,14,14,0,118.7,3.5,7,21,0,9,8,3.5,21,32,5,13.50%,JackMa02
349,Reggie Nelson,OAK,35,FS,11,7,2,22,15,68.20%,289,19.3,13.1,2,103.4,17.1,230,59,11,0,0,0,0,29,7,19.40%,NelsRe99
350,Yannick Ngakoue,JAX,23,LDE,16,16,0,4,2,50.00%,7,3.5,1.8,0,56.2,0.5,0,7,8,21,20,9.5,51,28,7,20.00%,NgakYa00
351,Alex Okafor,NOR,27,RDE,16,16,0,2,0,0.00%,8,,4,0,43.7,1.5,3,5,6,13,5,4,22,36,3,7.70%,OkafAl00
352,Will Parks,DEN,24,DB,16,3,1,28,18,64.30%,191,10.6,6.8,0,69.2,9.2,109,82,25,0,2,0,2,41,7,14.60%,ParkWi01
353,Robert Quinn,MIA,28,RDE,16,16,0,0,0,,0,,,0,,,0,0,0,13,8,6.5,28,38,5,11.60%,QuinRo00
354,Nickell Robey-Coleman,LAR,26,DB,16,1,1,58,38,65.50%,295,7.8,5.1,3,87.9,5.4,101,194,0,0,0,0,0,37,7,15.90%,RobeNi00
355,Terrell Suggs,BAL,36,LOLB,16,16,0,10,6,60.00%,75,12.5,7.5,0,83.3,1.8,20,55,86,24,5,7,37,34,8,19.00%,SuggTe99
356,Xavier Williams,KAN,26,DT,16,4,0,0,0,,0,,,0,,,0,0,0,1,1,2.5,5,47,5,9.60%,WillXa00
357,Shareece Wright,HOU,31,DB,12,5,0,56,36,64.30%,437,12.1,7.8,4,112,12.1,262,175,0,0,0,0,0,32,6,15.80%,WrigSh00
358,Geno Atkins*,CIN,30,RDT,16,16,0,0,0,,0,,,0,,,0,0,1,16,9,10,35,45,2,4.30%,AtkiGe99
359,Ronald Blair,SFO,25,DE,16,0,0,1,1,100.00%,4,4,4,0,83.3,-1,-1,5,0,8,6,5.5,20,36,3,7.70%,BlaiRo00
360,Gareon Conley,OAK,23,RCB,15,14,3,59,36,61.00%,536,14.9,9.1,4,92.2,11.3,277,259,0,0,0,0,0,37,4,9.80%,ConlGa00
361,Brandon Copeland,NYJ,27,LOLB,16,10,0,5,3,60.00%,32,10.7,6.4,0,78.7,0.6,-1,33,39,14,8,5,27,35,4,10.30%,CopeBr00
362,Mike Ford,DET,23,DB,7,4,0,37,25,67.60%,443,17.7,12,1,117.3,12,280,163,0,0,0,0,0,25,2,7.40%,FordMi01
363,Marcell Harris,SFO,24,SS,8,5,0,15,12,80.00%,110,9.2,7.3,2,136.8,7.1,61,49,8,3,0,0,3,34,8,19.00%,HarrMa03
364,Ronnie Harrison,JAX,21,DB,14,8,1,18,14,77.80%,97,6.9,5.4,0,66,3.5,43,54,8,0,0,1,1,32,3,8.60%,HarrRo02
365,Dont'a Hightower,NWE,28,LLB,15,15,1,35,25,71.40%,236,9.4,6.7,1,87.3,4.3,90,146,105,8,3,1,12,48,4,7.70%,HighDo01
366,Jordan Jenkins,NYJ,24,ROLB,16,11,0,10,9,90.00%,118,13.1,11.8,1,149.2,3,25,93,58,9,5,7,22,35,2,5.40%,JenkJo01
367,Harold Landry,TEN,22,LB,15,3,0,7,5,71.40%,36,7.2,5.1,0,83,0.6,1,35,26,14,7,4.5,26,44,7,13.70%,LandHa00
368,Sherrick McManis,CHI,31,DB,15,0,1,33,18,54.50%,149,8.3,4.5,1,63.8,10.3,77,72,13,2,1,1,4,26,2,7.10%,McMaSh99
369,Emmanuel Ogbah,CLE,25,RDE,14,14,0,0,0,,0,,,0,,,0,0,3,17,4,3,26,40,4,9.10%,OgbaEm00
370,Teez Tabor,DET,23,DB,12,4,0,27,17,63.00%,335,19.7,12.4,3,143.3,13,266,69,1,0,0,0,0,28,1,3.40%,TaboTe00
371,Solomon Thomas,SFO,23,LDE,16,13,0,1,1,100.00%,22,22,22,0,118.7,15,15,7,0,13,5,1,19,31,6,16.20%,ThomSo00
372,Levi Wallace,BUF,23,RCB,7,7,0,26,13,50.00%,123,9.5,4.7,1,76.3,8.5,100,23,2,0,1,0,1,37,4,9.80%,WallLe00
373,Kerry Wynn,NYG,27,DE,14,5,0,1,1,100.00%,2,2,2,0,79.2,-3,-3,5,0,8,0,1.5,10,39,4,9.30%,WynnKe00
374,Matthew Adams,IND,23,DB,16,5,0,12,10,83.30%,150,15,12.5,0,118.7,3.9,49,101,8,2,3,0,5,33,4,10.80%,AdamMa00
375,Marcell Dareus,JAX,28,LDT/RDT,15,15,0,1,1,100.00%,18,18,18,0,118.7,-9,-9,27,0,4,1,1,6,32,5,13.50%,DareMa00
376,Clayton Fejedelem,CIN,25,DB,16,1,0,12,10,83.30%,144,14.4,12,1,144.4,13,91,53,5,0,1,0,1,35,2,5.40%,FejeCl00
377,Dante Fowler,2TM,24,DE/ROLB,15,6,0,4,2,50.00%,13,6.5,3.3,0,57.3,-0.5,5,8,16,16,4,4,24,30,5,14.30%,FowlDa00
378,Shelby Harris,DEN,27,DE,16,0,1,2,1,50.00%,-5,-5,-2.5,0,16.7,-4,-10,5,0,1,5,1.5,8,39,3,7.10%,HarrSh00
379,Matthew Ioannidis,WAS,24,RDE/NT,14,9,0,0,0,,0,,,0,,,0,0,0,5,3,7.5,16,31,1,3.10%,IoanMa01
380,Anthony Levine,BAL,31,DB,16,0,1,25,18,72.00%,151,8.4,6,1,83.9,5.9,65,86,41,1,0,1,2,28,2,6.70%,LeviAn00
381,Doug Middleton,NYJ,25,DB,7,4,0,10,5,50.00%,97,19.4,9.7,2,123.7,15.5,72,25,3,0,0,0,0,27,1,3.60%,MiddDo01
382,David Onyemata,NOR,26,DT,16,4,0,0,0,,0,,,0,,,0,0,0,10,0,4.5,15,35,2,5.40%,OnyeDa00
383,D.J. Reader,HOU,24,RDE,16,16,0,0,0,,0,,,0,,,0,0,0,4,1,2,7,33,4,10.80%,ReadD.00
384,Frostee Rucker,OAK,35,LDE,15,15,0,2,1,50.00%,5,5,2.5,0,56.2,8.5,-3,8,0,6,3,0,9,37,6,14.00%,RuckFr99
385,Akeem Spence,MIA,27,RDT,16,16,0,2,1,50.00%,11,11,5.5,0,66.7,-1.5,-3,14,0,7,5,2,14,42,4,8.70%,SpenAk00
386,Olivier Vernon*,NYG,28,ROLB,11,11,0,1,1,100.00%,0,0,0,0,79.2,-5,-5,5,15,8,13,7,29,30,1,3.20%,VernOl00
387,Stephen Weatherly,MIN,24,RDE,16,6,0,1,0,0.00%,0,,0,0,39.6,17,0,0,0,9,4,3,16,35,5,12.50%,WeatSt00
388,Henry Anderson,NYJ,27,DE,16,3,0,2,1,50.00%,0,0,0,0,56.2,-1.5,0,0,0,10,2,7,20,35,3,7.90%,AndeHe00
389,Shaquil Barrett,DEN,26,LB,13,0,0,8,6,75.00%,68,11.3,8.5,0,100,10.8,42,26,37,2,4,3,9,28,2,6.70%,BarrSh00
390,Andrew Billings,CIN,23,LDT,16,16,0,0,0,,0,,,0,,,0,0,0,6,4,2.5,13,32,3,8.60%,BillAn00
391,Kurt Coleman,NOR,30,SS,16,9,0,13,11,84.60%,108,9.8,8.3,1,126.9,4.5,35,73,14,2,0,0,2,32,5,13.50%,ColeKu99
392,Aaron Colvin,HOU,27,DB,10,2,0,30,22,73.30%,205,9.3,6.8,1,102.8,5.1,107,98,6,0,0,0,0,29,2,6.50%,ColvAa00
393,Javien Elliott,TAM,25,DB,15,5,1,29,24,82.80%,193,8,6.7,0,80,6.1,109,84,16,0,1,0,1,24,5,17.20%,ElliJa01
394,Everson Griffen,MIN,31,RDE,11,10,0,1,0,0.00%,0,,0,0,39.6,15,0,0,0,9,3,5.5,19,33,6,15.40%,GrifEv99
395,Leon Hall,OAK,34,DB,10,4,0,20,16,80.00%,181,11.3,9.1,0,104.4,5.8,74,107,10,0,1,0,1,25,3,10.70%,HallLe98
396,Da'Shawn Hand,DET,23,RDE,13,8,0,0,0,,0,,,0,,,0,0,0,6,0,3,9,27,1,3.60%,HandDa00
397,Margus Hunt,IND,31,RDE/LDT,15,15,0,1,1,100.00%,-8,-8,-8,0,79.2,-8,-8,0,0,6,2,5,14,30,1,3.20%,HuntMa00
398,J.C. Jackson,NWE,23,DB,13,5,3,45,22,48.90%,256,11.6,5.7,0,38.8,14.4,185,71,0,0,0,0,0,24,1,4.00%,JackJ.00
399,Cre'von LeBlanc,2TM,24,DB,11,4,0,42,27,64.30%,349,12.9,8.3,1,98.2,7.2,171,178,3,0,0,0,0,27,3,10.00%,LeBlCr01
400,Jordan Lucas,KAN,25,DB,16,4,1,13,8,61.50%,106,13.3,8.2,2,94.9,11.2,74,32,3,1,0,1,2,32,4,11.10%,LucaJo00
401,Brandon Marshall,DEN,29,RILB,11,7,0,28,17,60.70%,176,10.4,6.3,0,78.9,4.1,81,95,25,0,0,0,0,42,5,10.60%,MarsBr01
402,Kareem Martin,NYG,26,LOLB,16,7,0,7,6,85.70%,51,8.5,7.3,0,97,2.4,19,32,27,6,8,1.5,16,48,8,14.30%,MartKa00
403,Torry McTyer,MIA,23,DB,15,4,0,35,26,74.30%,413,15.9,11.8,2,132.2,11.6,290,123,2,0,0,0,0,30,3,9.10%,McTyTo00
404,Brandon Mebane,LAC,33,RDT,12,12,0,1,0,0.00%,0,,0,0,39.6,-9,0,0,0,0,2,1,3,40,1,2.40%,MebaBr99
405,Whitney Mercilus,HOU,28,LOLB,16,9,0,22,18,81.80%,162,9,7.4,0,97.3,3.5,55,107,89,13,7,4,26,39,8,17.00%,MercWh00
406,Mike Mitchell,IND,31,DB,8,4,1,12,10,83.30%,74,7.4,6.2,0,57.6,7.3,58,16,3,0,0,0,0,28,3,9.70%,MitcMi99
407,Carl Nassib,TAM,25,LDE,15,9,0,2,0,0.00%,0,,0,0,39.6,5,0,0,1,7,7,6.5,21,29,5,14.70%,NassCa00
408,Robert Nkemdiche,ARI,24,RDT,10,6,0,0,0,,0,,,0,,,0,0,0,2,4,4.5,11,32,2,5.90%,NkemRo00
409,George Odum,IND,25,DB,16,2,1,12,8,66.70%,117,14.6,9.8,0,63.5,9.2,72,45,4,1,0,0,1,37,4,9.80%,OdumGe00
410,Malcolm Smith,SFO,29,RLB,12,5,0,17,11,64.70%,123,11.2,7.2,1,105.8,4.6,76,47,18,0,3,0,3,35,5,12.50%,SmitMa02
411,Kyle Williams*,BUF,35,LDT,16,16,0,1,0,0.00%,0,,0,0,39.6,-5,0,0,0,9,6,5,22,35,4,10.30%,WillKy20
412,Kyle Emanuel,LAC,27,RLB,16,7,0,13,10,76.90%,105,10.5,8.1,1,125.5,5.2,41,64,5,0,0,1,1,30,5,14.30%,EmanKy00
413,Johnathan Hankins,OAK,26,RDT,15,14,0,1,1,100.00%,7,7,7,0,95.8,-2,-2,9,0,2,2,0,4,36,8,18.20%,HankJo00
414,Abry Jones,JAX,27,LDT/RDT,15,6,0,1,1,100.00%,-1,-1,-1,0,79.2,-4,-4,3,0,3,0,1,4,29,2,6.50%,JoneAb00
415,Sidney Jones,PHI,22,DB,9,4,0,42,26,61.90%,249,9.6,5.9,2,94.2,7.9,141,108,3,1,0,0,1,25,6,19.40%,JoneSi00
416,Arden Key,OAK,22,RDE,16,10,0,3,2,66.70%,9,4.5,3,0,70.1,4.3,-2,11,5,10,8,1,19,30,6,16.70%,KeyxAr00
417,Steve McLendon,NYJ,32,NT,16,14,0,0,0,,0,,,0,,,0,0,0,0,0,0,0,34,3,8.10%,McLeSt00
418,Dorian O'Daniel,KAN,24,LB,16,1,0,20,16,80.00%,109,6.8,5.5,0,89.4,1,11,98,10,1,1,0,2,34,7,17.10%,ODanDo00
419,Andrew Sendejo,MIN,31,SS,5,5,0,10,6,60.00%,153,25.5,15.3,1,137.5,16,109,44,2,0,0,0,0,27,0,0.00%,SendAn00
420,Vita Vea,TAM,23,RDT,13,8,0,0,0,,0,,,0,,,0,0,1,4,1,3,8,28,3,9.70%,VeaxVi00
421,Cameron Wake,MIA,36,LDE,14,14,0,2,2,100.00%,29,14.5,14.5,0,118.7,-0.5,-1,30,0,19,7,6,33,36,4,10.00%,WakeCa00
422,Brandon Williams*,BAL,29,LDE,16,16,0,0,0,,0,,,0,,,0,0,0,2,0,1,3,34,3,8.10%,WillBr02
423,Eddie Yarbrough,BUF,25,DE,15,0,0,0,0,,0,,,0,,,0,0,1,3,0,0,3,29,1,3.30%,YarbEd01
424,Mario Addison,CAR,31,LDE,16,16,0,4,4,100.00%,19,4.8,4.8,0,86.5,2,8,11,0,9,1,9,20,35,4,10.30%,AddiMa00
425,Sharif Finch,TEN,23,LB,15,0,0,5,4,80.00%,24,6,4.8,0,86.7,4.2,6,18,11,3,0,1.5,5,27,1,3.60%,FincSh00
426,DaQuan Jones,TEN,27,LDE,16,16,0,1,1,100.00%,4,4,4,0,83.3,4,4,0,0,2,3,0,5,34,4,10.50%,JoneDa04
427,Kendrick Lewis,TEN,30,DB,13,3,0,14,9,64.30%,116,12.9,8.3,1,114,11.6,74,42,0,0,0,0,0,27,5,15.60%,LewiKe00
428,Tarvarius Moore,SFO,22,DB,16,2,0,25,17,68.00%,160,9.4,6.4,4,125,8,84,76,3,1,0,0,1,23,2,8.00%,MoorTa00
429,Bilal Nichols,CHI,22,RDE,14,6,0,1,1,100.00%,-1,-1,-1,0,79.2,-2,-2,1,0,5,1,3,10,28,0,0.00%,NichBi00
430,Isaiah Oliver,ATL,22,DB,14,2,1,27,16,59.30%,184,11.5,6.8,2,89.1,11.1,117,67,1,0,0,0,0,23,0,0.00%,OlivIs00
431,Domata Peko,DEN,34,NT,16,16,0,1,1,100.00%,0,0,0,0,79.2,0,0,0,0,0,2,0.5,3,31,4,11.40%,PekoDo20
432,Harrison Phillips,BUF,22,DT,16,0,0,0,0,,0,,,0,,,0,0,0,1,1,0,2,35,0,0.00%,PhilHa00
433,Michael Pierce,BAL,26,DT,14,2,0,0,0,,0,,,0,,,0,0,0,4,1,0,5,32,2,5.90%,PierMi00
434,Cameron Sutton,PIT,23,DB,15,1,1,29,20,69.00%,297,14.9,10.2,3,122.3,13.2,233,64,10,0,2,0,2,22,1,4.30%,SuttCa00
435,Quincy Wilson,IND,22,DB,13,5,1,40,26,65.00%,274,10.5,6.9,1,82.7,9.2,148,126,0,0,0,0,0,28,4,12.50%,WilsQu01
436,Tramaine Brock,DEN,30,RCB,12,5,0,43,22,51.20%,311,14.1,7.2,1,82.6,11.5,204,107,0,0,0,0,0,23,7,23.30%,BrocTr00
437,Malcom Brown,NWE,24,RDT,15,14,0,0,0,,0,,,0,,,0,0,0,0,1,0,1,39,4,9.30%,BrowMa01
438,Jack Crawford,ATL,30,LDT,16,11,1,0,0,,0,,,0,,,0,0,0,11,2,6,20,35,4,10.30%,CrawJa00
439,Randy Gregory,DAL,26,DE,14,1,0,1,0,0.00%,0,,0,0,39.6,3,0,0,0,9,10,6,25,25,3,10.70%,GregRa00
440,Shaun Dion Hamilton,WAS,23,LB,16,4,0,4,3,75.00%,60,20,15,0,116.7,1,4,56,9,0,2,1.5,4,27,2,6.90%,DionSh00
441,Mike Hughes,MIN,21,DB,6,2,1,30,20,66.70%,274,13.7,9.1,2,104,9.8,157,117,0,0,0,0,0,22,4,15.40%,HughMi00
442,Ricky Jean-Francois,DET,32,LDT,16,11,0,0,0,,0,,,0,,,0,0,0,3,0,2,5,30,2,6.30%,JeanRi99
443,Tyler Lancaster,GNB,24,NT,12,5,0,0,0,,0,,,0,,,0,0,0,1,1,0,2,26,0,0.00%,LancTy00
444,Clinton McDonald,OAK,31,DT,15,1,0,1,1,100.00%,-5,-5,-5,0,79.2,-5,-5,0,0,4,0,2,6,31,2,6.10%,McDoCl99
445,Derrick Morgan,TEN,29,LOLB,13,12,0,5,5,100.00%,51,10.2,10.2,0,109.2,4.6,23,28,12,11,4,0.5,16,25,4,13.80%,MorgDe99
446,Darius Phillips,CIN,23,DB,15,1,0,26,18,69.20%,133,7.4,5.1,0,81.1,10.2,67,66,1,0,0,0,0,22,3,12.00%,PhilDa02
447,Darius Philon,LAC,24,LDT,16,13,0,0,0,,0,,,0,,,0,0,0,8,4,4,17,33,5,13.20%,PhilDa01
448,Tanner Vallejo,CLE,24,LB,13,1,0,7,4,57.10%,40,10,5.7,1,113.1,1.9,13,27,5,1,0,0,1,27,5,15.60%,VallTa00
449,Jimmie Ward,SFO,27,FS,9,7,0,22,12,54.50%,193,16.1,8.8,2,114.4,12,153,40,5,0,0,0,0,24,1,4.00%,WardJi01
450,Jermaine Whitehead,2TM,25,DB,14,2,0,15,10,66.70%,103,10.3,6.9,1,108.5,6.3,59,44,23,1,0,1,2,24,4,14.30%,WhitJe02
451,Trevor Williams,LAC,25,LCB,9,7,1,39,29,74.40%,394,13.6,10.1,3,121.1,11.1,269,125,0,0,0,0,0,23,5,17.90%,WillTr05
452,Jarrod Wilson,JAX,24,DB,16,2,0,7,1,14.30%,-1,-1,-0.1,0,39.6,17.1,-1,0,6,1,0,0,1,21,0,0.00%,WilsJa00
453,Angelo Blackson,HOU,26,DT,16,4,0,2,1,50.00%,19,19,9.5,0,83.3,0.5,4,15,0,2,1,1,4,24,2,7.70%,BlacAn00
454,Joey Bosa,LAC,23,LDE,7,6,0,0,0,,0,,,0,,,0,0,0,8,3,5.5,17,23,3,11.50%,BosaJo00
455,Oren Burks,GNB,23,LB,14,4,0,9,7,77.80%,69,9.9,7.7,0,98.6,7.9,26,43,6,0,0,0,0,24,2,7.70%,BurkOr00
456,Josh Harvey-Clemons,WAS,24,DB,16,0,0,24,14,58.30%,89,6.4,3.7,0,66.1,4.5,28,61,19,1,1,1,3,22,4,15.40%,HarvJo01
457,Michael Johnson,CIN,31,RDE,15,15,1,0,0,,0,,,0,,,0,0,0,8,1,0.5,10,33,4,10.80%,JohnMi98
458,Shaq Lawson,BUF,24,LDE,14,6,0,4,1,25.00%,14,14,3.5,0,41.7,7.5,10,4,0,7,7,4,18,30,3,9.10%,LawsSh00
459,Parry Nickerson,NYJ,24,DB,16,2,0,34,25,73.50%,257,10.3,7.6,2,114.5,7.2,157,100,7,0,0,0,0,21,1,4.50%,NickPa00
460,Uchenna Nwosu,LAC,22,LB,16,3,0,2,1,50.00%,8,8,4,0,60.4,9,1,7,18,6,4,3.5,14,28,3,9.70%,NwosUc00
461,Mark Nzeocha,SFO,28,LB,16,3,0,9,7,77.80%,67,9.6,7.4,0,97.7,3.9,10,57,3,0,0,1,1,23,2,8.00%,NzeoMa00
462,Brian Orakpo,TEN,32,ROLB,13,13,0,9,7,77.80%,49,7,5.4,0,89.4,4.2,19,30,21,11,2,1.5,15,28,6,17.60%,OrakBr99
463,Isaac Rochell,LAC,23,DT,16,3,1,0,0,,0,,,0,,,0,0,0,6,1,5,13,29,2,6.50%,RochIs00
464,Sam Shields,LAR,31,DB,16,2,1,37,25,67.60%,444,17.8,12,4,133.2,11.1,292,152,0,0,0,0,0,22,6,21.40%,ShieSa00
465,Aqib Talib,LAR,32,RCB,8,8,1,31,20,64.50%,265,13.3,8.5,0,78,10,151,114,0,0,0,0,0,23,1,4.20%,TaliAq99
466,Tracy Walker,DET,23,DB,16,0,1,13,4,30.80%,69,17.3,5.3,1,43.4,22.8,61,8,0,0,0,0,0,21,2,8.70%,WalkTr01
467,David Amerson,ARI,27,DB,6,5,1,25,13,52.00%,118,9.1,4.7,1,61.7,11,91,27,2,0,0,0,0,21,3,12.50%,AmerDa00
468,Andre Branch,MIA,29,LB,14,1,0,1,0,0.00%,0,,0,0,39.6,12,0,0,3,8,3,1.5,13,25,6,19.40%,BranAn00
469,Morgan Burnett,PIT,29,DB,11,2,0,30,16,53.30%,222,13.9,7.4,0,77.4,13.2,177,45,13,0,2,0,2,30,2,6.30%,BurnMo99
470,Artie Burns,PIT,23,RCB,16,6,0,25,16,64.00%,289,18.1,11.6,5,143.2,15.6,232,57,1,0,0,0,0,22,2,8.30%,BurnAr00
471,Trevon Coley,CLE,24,RDT,16,14,0,2,1,50.00%,5,5,2.5,0,56.2,3,5,0,0,5,0,0.5,6,39,8,17.00%,ColeTr01
472,Tyrone Crawford,DAL,29,RDE,15,15,0,1,0,0.00%,0,,0,0,39.6,0,0,0,0,7,5,5.5,19,34,3,8.10%,CrawTy00
473,Deshazor Everett,WAS,26,DB,16,3,1,6,4,66.70%,39,9.8,6.5,0,45.1,5.7,11,28,3,0,0,0,0,26,4,13.30%,EverDe01
474,Justin Hardee,NOR,24,WR,16,0,1,14,11,78.60%,157,14.3,11.2,0,83.6,9.8,98,59,0,0,0,0,0,19,3,13.60%,HardJu01
475,Tom Johnson,2TM,34,DT,14,1,0,0,0,,0,,,0,,,0,0,0,6,0,4.5,11,24,2,7.70%,JohnTo01
476,Dion Jordan,SEA,28,DE,12,3,0,1,1,100.00%,7,7,7,0,95.8,-3,-3,10,0,7,4,1.5,13,22,1,4.30%,JordDi00
477,Frankie Luvu,NYJ,22,LB,14,1,0,6,5,83.30%,26,5.2,4.3,0,84.7,0.2,-5,31,34,9,8,3,20,22,7,24.10%,LuvuFr00
478,Josh Mauro,NYG,27,DE,12,4,0,0,0,,0,,,0,,,0,0,0,6,0,1,7,28,0,0.00%,MaurJo00
479,Gerald McCoy,TAM,30,LDT,14,14,0,1,1,100.00%,-1,-1,-1,0,79.2,-3,-3,2,0,6,11,6,24,28,1,3.40%,McCoGe99
480,Earl Mitchell,SFO,31,LDT,14,12,0,0,0,,0,,,0,,,0,0,0,2,3,0,5,28,2,6.70%,MitcEa99
481,Derrick Nnadi,KAN,22,NT,16,11,0,0,0,,0,,,0,,,0,0,0,3,0,0,3,35,3,7.90%,NnadDe00
482,Brent Urban,BAL,27,RDE,16,16,0,0,0,,0,,,0,,,0,0,0,3,0,0.5,4,27,2,6.90%,UrbaBr00
483,Isaac Yiadom,DEN,22,DB,13,1,1,34,20,58.80%,258,12.9,7.6,3,99.9,12.1,206,52,0,0,0,0,0,20,3,13.00%,YiadIs00
484,Ray-Ray Armstrong,2TM,27,DB,15,1,0,13,11,84.60%,118,10.7,9.1,1,130.1,3.2,33,85,2,0,0,0,0,26,3,10.30%,ArmsRa01
485,Vic Beasley,ATL,26,LDE,16,9,0,6,4,66.70%,30,7.5,5,0,78.5,0.2,-9,39,22,13,2,5,20,20,11,35.50%,BeasVi00
486,Devante Bond,TAM,25,LLB,11,4,0,9,7,77.80%,121,17.3,13.4,0,118.7,4.9,38,83,8,1,1,0,2,22,1,4.30%,BondDe00
487,Bashaud Breeland,GNB,26,RCB,7,5,2,33,17,51.50%,239,14.1,7.2,0,49.9,10.2,114,125,9,3,0,0,3,20,5,20.00%,BreeBa00
488,Fadol Brown,2TM,25,DE,12,0,0,0,0,,0,,,0,,,0,0,0,2,3,0,5,20,3,13.00%,BrowFa00
489,Vontaze Burfict,CIN,28,RLB,7,7,0,19,16,84.20%,140,8.8,7.4,1,114.9,4.3,54,86,13,0,0,0,0,33,10,23.30%,BurfVo00
490,Ibraheim Campbell,3TM,26,DB,8,1,0,3,3,100.00%,20,6.7,6.7,0,94.4,5.7,17,3,1,0,0,0,0,19,0,0.00%,CampIb00
491,Bruce Carter,ATL,30,LB,11,0,0,6,4,66.70%,58,14.5,9.7,0,97.9,8.5,48,10,0,0,0,0,0,21,1,4.50%,CartBr00
492,Sean Chandler,NYG,22,DB,16,0,0,10,8,80.00%,167,20.9,16.7,1,152.1,15.8,117,50,10,0,1,1,2,18,1,5.30%,ChanSe00
493,Chuck Clark,BAL,23,DB,16,2,1,15,11,73.30%,99,9,6.6,3,102.5,9.5,52,47,8,2,0,0,2,21,4,16.00%,ClarCh00
494,P.J. Hall,OAK,23,LDT,14,6,0,2,2,100.00%,20,10,10,0,108.3,-3,-6,26,0,7,3,0,10,22,1,4.30%,HallP.00
495,Bruce Irvin,2TM,31,DE/RDE,16,9,0,4,1,25.00%,2,2,0.5,0,39.6,-1.5,2,0,9,5,3,6.5,15,19,2,9.50%,IrviBr00
496,Leon Jacobs,JAX,23,LB,12,3,0,5,5,100.00%,30,6,6,1,131.2,2.8,14,16,1,0,0,0,0,21,2,8.70%,JacoLe00
497,Akeem King,SEA,26,DB,16,1,0,15,11,73.30%,84,7.6,5.6,2,126.1,8.3,58,26,3,0,1,0,1,21,0,0.00%,KingAk00
498,Al-Quadin Muhammad,IND,23,DE,15,4,0,1,1,100.00%,8,8,8,0,100,-6,-6,14,0,3,2,0,5,28,0,0.00%,MuhaAl00
499,Mike Pennel,NYJ,27,RDE/NT,16,7,0,2,1,50.00%,17,17,8.5,1,118.7,3.5,5,12,0,1,2,0,3,27,1,3.60%,PennMi00
500,Brooks Reed,ATL,31,RDE,16,8,0,3,2,66.70%,21,10.5,7,0,86.8,2.7,8,13,5,5,1,1,7,24,1,4.00%,ReedBr00
501,Damion Square,LAC,29,RDE/LDE,16,11,0,1,0,0.00%,0,,0,0,39.6,1,0,0,0,0,3,3,7,31,2,6.10%,SquaDa00
502,Jamar Taylor,2TM,28,DB,14,3,0,31,22,71.00%,378,17.2,12.2,1,122.8,11.2,256,122,1,0,0,0,0,18,4,18.20%,TaylJa01
503,Earl Thomas,SEA,29,DB,4,4,3,9,3,33.30%,43,14.3,4.8,1,47.2,11.8,35,8,4,1,0,0,1,22,0,0.00%,ThomEa99
504,Beau Allen,TAM,27,RDT,14,8,0,0,0,,0,,,0,,,0,0,0,1,3,0,4,20,2,9.10%,AlleBe00
505,Adrian Colbert,SFO,25,FS,7,6,0,13,7,53.80%,143,20.4,11,2,132.4,21.8,128,15,2,0,0,0,0,21,4,16.00%,ColbAd00
506,Vinny Curry,TAM,30,LDE,12,7,0,2,1,50.00%,9,9,4.5,0,62.5,1.5,0,9,0,3,3,2.5,9,21,1,4.50%,CurrVi00
507,Kavon Frazier,DAL,24,DB,16,2,0,16,12,75.00%,148,12.3,9.3,3,142.7,5.9,56,92,2,0,0,1,1,23,5,17.90%,FrazKa00
508,Lano Hill,SEA,23,DB,13,2,0,13,5,38.50%,48,9.6,3.7,0,49.5,7.8,22,26,17,1,1,0,2,24,2,7.70%,HillDe02
509,Wes Horton,CAR,28,RDE,16,8,0,1,1,100.00%,0,0,0,0,79.2,-1,-1,1,1,5,1,1.5,10,24,5,17.20%,HortWe00
510,Quinton Jefferson,SEA,25,LDE,16,12,0,0,0,,0,,,0,,,0,0,0,9,10,3,23,25,4,13.80%,JeffQu00
511,Mychal Kendricks,SEA,28,LB,4,3,0,9,7,77.80%,42,6,4.7,0,86.1,2.4,3,39,10,1,1,2,4,19,6,24.00%,KendMy00
512,Zach Kerr,DEN,28,DT,16,0,0,0,0,,0,,,0,,,0,0,0,6,0,1.5,8,33,2,5.70%,KerrZa00
513,Sean Lee,DAL,32,RLB,7,5,0,14,11,78.60%,153,13.9,10.9,0,112.2,7.5,77,76,13,0,1,0.5,2,30,4,11.80%,LeexSe99
514,Chris Long,PHI,33,DE,16,0,0,1,0,0.00%,0,,0,0,39.6,-5,0,0,7,13,11,6.5,32,23,2,8.00%,LongCh99
515,Takkarist McKinley,ATL,23,RDE,15,8,0,1,1,100.00%,17,17,17,0,118.7,-7,-7,24,1,10,7,7,25,22,2,8.30%,McKiTa00
516,Nick Perry,GNB,28,ROLB,9,9,0,3,3,100.00%,18,6,6,0,91.7,2.3,7,11,27,4,0,1.5,6,24,2,7.70%,PerrNi00
517,Jordan Phillips,2TM,26,DT,16,0,0,1,1,100.00%,9,9,9,0,104.2,0,0,9,0,3,0,1,4,24,4,14.30%,PhilJo01
518,Deadrin Senat,ATL,24,DT,15,2,0,1,1,100.00%,-1,-1,-1,0,79.2,-1,-1,0,0,2,3,0,5,30,2,6.30%,SenaDe00
519,LeShaun Sims,TEN,25,DB,16,2,0,22,14,63.60%,146,10.4,6.6,1,97.9,8.2,80,66,8,0,1,0,1,22,3,12.00%,SimsLe00
520,Breeland Speaks,KAN,23,DT,16,4,0,7,7,100.00%,77,11,11,0,112.5,-0.6,-4,81,21,7,4,1.5,13,24,3,11.10%,SpeaBr00
521,Vincent Taylor,MIA,24,DT,8,0,0,2,2,100.00%,13,6.5,6.5,0,93.7,-2,-4,17,0,1,0,2,3,27,2,6.90%,TaylVi00
522,Jordan Willis,CIN,23,LB,16,1,0,0,0,,0,,,0,,,0,0,0,4,4,1,9,20,4,16.70%,WillJo09
523,Deatrich Wise Jr.,NWE,24,RDE,16,5,0,0,0,,0,,,0,,,0,0,0,5,5,4.5,15,30,6,16.70%,WiseDe00
524,Antwaun Woods,DAL,25,RDT,15,15,0,0,0,,0,,,0,,,0,0,0,7,3,1.5,12,34,4,10.50%,WoodAn02
525,K.J. Wright,SEA,29,RLB,5,5,0,19,12,63.20%,131,10.9,6.9,1,101,3.1,51,80,4,1,0,0,1,23,4,14.80%,WrigK.00
526,Ricardo Allen,ATL,27,DB,3,3,1,19,6,31.60%,82,13.7,4.3,0,24.5,11.1,39,43,0,0,0,0,0,17,2,10.50%,AlleRi00
527,Jason Cabinda,OAK,22,LB,10,3,0,6,4,66.70%,50,12.5,8.3,0,92.4,12,24,26,5,1,1,0,2,21,1,4.50%,CabiJa00
528,Keion Crossen,NWE,22,DB,11,0,0,8,7,87.50%,97,13.9,12.1,0,117.2,14,89,8,0,0,0,0,0,14,0,0.00%,CrosKe00
529,Zaire Franklin,IND,22,LB,16,2,0,15,13,86.70%,148,11.4,9.9,0,107.8,6.1,64,84,10,0,0,0,0,29,2,6.50%,FranZa00
530,Nathan Gerry,PHI,23,DB,13,2,1,12,10,83.30%,97,9.7,8.1,1,93.4,5.2,50,47,2,0,0,0,0,23,2,8.00%,GerrNa00
531,George Iloka,MIN,28,DB,16,3,0,4,2,50.00%,46,23,11.5,0,91.7,18,38,8,0,0,0,0,0,16,0,0.00%,IlokGe00
532,Derrick Johnson,OAK,36,LB,6,1,0,6,5,83.30%,44,8.8,7.3,0,97.2,6.2,37,7,3,1,0,0,1,17,3,15.00%,JohnDe25
533,Kevin King,GNB,23,RCB,6,6,1,24,13,54.20%,143,11,6,3,94.3,12,94,49,1,0,0,0,0,17,3,15.00%,KingKe01
534,Trent Murphy,BUF,28,LDE,13,10,0,6,5,83.30%,13,2.6,2.2,0,79.2,-0.5,-6,19,1,8,4,4,17,24,7,22.60%,MurpTr00
535,Julius Peppers,CAR,38,RDE,16,8,0,2,1,50.00%,18,18,9,0,81.2,8.5,6,12,0,6,4,5,15,22,1,4.30%,PeppJu99
536,Chris Smith,CLE,26,DE,16,2,0,0,0,,0,,,0,,,0,0,6,4,1,1,7,21,4,16.00%,SmitCh03
537,Daniel Sorensen,KAN,28,DB,7,3,1,18,10,55.60%,121,12.1,6.7,3,92.8,9.3,81,40,13,1,1,0,2,26,3,10.30%,SoreDa01
538,Kevin Toliver,CHI,23,DB,15,1,0,18,12,66.70%,128,10.7,7.1,0,87.3,12.6,115,13,0,0,0,0,0,16,0,0.00%,ToliKe00
539,Taven Bryan,JAX,22,DT,16,1,0,1,1,100.00%,9,9,9,0,104.2,1,1,8,0,2,1,1,4,20,1,4.80%,BryaTa00
540,Jonathan Bullard,CHI,25,DE,16,1,0,0,0,,0,,,0,,,0,0,0,1,0,0,1,18,2,10.00%,BullJo00
541,Taco Charlton,DAL,24,RDE,11,7,0,1,0,0.00%,0,,0,0,39.6,6,0,0,0,7,2,1,10,27,3,10.00%,CharTa00
542,Dylan Cole,HOU,24,LB,8,0,0,9,8,88.90%,74,9.3,8.2,1,138,2.7,20,54,5,0,0,0,0,13,5,27.80%,ColeDy00
543,Brandon Dunn,HOU,26,NT,14,10,0,0,0,,0,,,0,,,0,0,0,2,0,0,2,24,2,7.70%,DunnBr00
544,Poona Ford,SEA,23,DT,11,1,0,1,0,0.00%,0,,0,0,39.6,-2,0,0,0,5,2,0,7,21,0,0.00%,FordPo00
545,Rayshawn Jenkins,LAC,24,DB,15,1,0,9,6,66.70%,32,5.3,3.6,1,109.5,4.9,10,22,4,0,1,0.5,2,23,0,0.00%,JenkRa00
546,Austin Johnson,TEN,24,NT,16,9,0,0,0,,0,,,0,,,0,0,0,2,0,1,3,22,1,4.30%,JohnAu01
547,Joseph Jones,DEN,24,LB,16,0,0,1,1,100.00%,2,2,2,0,79.2,2,2,0,0,0,0,0,0,16,0,0.00%,JoneJo05
548,Aaron Lynch,CHI,25,DE,13,3,1,4,3,75.00%,40,13.3,10,1,106.2,6,16,24,9,4,3,3,10,16,2,11.10%,LyncAa00
549,Hayes Pullard,LAC,26,LB,9,0,0,8,7,87.50%,42,6,5.3,0,88.5,3.8,24,18,2,0,0,0,0,18,0,0.00%,PullHa00
550,DeShawn Shead,DET,29,DB,12,1,0,19,15,78.90%,290,19.3,15.3,2,153.8,16.4,216,74,1,0,0,0,0,18,3,14.30%,SheaDe00
551,Terrance Smith,KAN,25,LB,7,0,0,23,15,65.20%,166,11.1,7.2,0,86.5,5.7,52,114,13,1,0,1,2,22,4,15.40%,SmitTe04
552,Julian Stanford,BUF,28,LB,13,1,0,7,6,85.70%,68,11.3,9.7,0,107.1,7.4,48,20,5,0,0,1,1,15,1,6.30%,StanJu00
553,Chris Wormley,BAL,25,NT,16,6,0,0,0,,0,,,0,,,0,0,0,6,1,1,8,16,3,15.80%,WormCh00
554,Tyson Alualu,PIT,31,DT,15,2,0,0,0,,0,,,0,,,0,0,0,2,0,0,2,22,1,4.30%,AluaTy99
555,De'Vante Bausby,PHI,25,DB,6,1,0,13,11,84.60%,203,18.5,15.6,1,144.4,12.5,114,89,0,0,0,0,0,14,4,22.20%,BausDe00
556,Anthony Chickillo,PIT,26,DE,16,0,0,7,4,57.10%,32,8,4.6,0,68.7,2.3,5,27,21,2,1,1.5,5,24,0,0.00%,ChicAn00
557,Maliek Collins,DAL,23,LDT,13,9,0,0,0,,0,,,0,,,0,0,0,6,4,3,13,19,3,13.60%,CollMa00
558,Kamalei Correa,TEN,24,LB,13,4,0,5,5,100.00%,75,15,15,0,118.7,3.8,19,56,11,1,1,3.5,6,19,4,17.40%,CorrKa00
559,Marcus Davenport,NOR,22,DE,13,0,0,1,1,100.00%,4,4,4,0,83.3,-3,-3,7,1,3,9,4.5,17,22,1,4.30%,DaveMa00
560,Mario Edwards,NYG,24,DE,15,0,0,0,0,,0,,,0,,,0,0,0,1,3,2,7,14,0,0.00%,EdwaMa01
561,Rashaan Gaulden,CAR,23,DB,15,0,0,3,1,33.30%,8,8,2.7,1,81.9,6.7,2,6,0,0,0,0,0,17,3,15.00%,GaulRa00
562,Nick Kwiatkoski,CHI,25,LB,16,1,0,7,5,71.40%,60,12,8.6,0,97.3,4.4,26,34,6,0,1,0,1,15,0,0.00%,KwiaNi00
563,Ryan Lewis,BUF,24,DB,7,3,0,19,13,68.40%,164,12.6,8.6,0,95.1,10.7,100,64,1,0,0,0,0,15,3,16.70%,LewiRy01
564,Kyle Love,CAR,32,DT,16,2,0,0,0,,0,,,0,,,0,0,0,4,2,1.5,8,19,3,13.60%,LoveKy00
565,Greg Mabin,SFO,24,DB,13,1,0,18,10,55.60%,160,16,8.9,2,122.5,14.2,146,14,0,0,0,0,0,16,2,11.10%,MabiGr00
566,Tyler Matakevich,PIT,26,LB,16,1,0,4,4,100.00%,37,9.3,9.3,0,105.2,7.8,31,6,1,0,0,0,0,16,0,0.00%,MataTy00
567,Tyler Patmon,JAX,27,DB,12,2,0,15,12,80.00%,136,11.3,9.1,0,104.4,9.2,89,47,9,4,0,0,4,14,0,0.00%,PatmTy00
568,Brennan Scarlett,HOU,25,LB,12,3,1,7,5,71.40%,34,6.8,4.9,0,42.3,4.9,17,17,6,0,2,0,2,18,1,5.30%,ScarBr00
569,Tre Sullivan,PHI,24,DB,12,1,0,12,7,58.30%,49,7,4.1,0,67.7,9.3,10,39,0,0,0,0,0,17,3,15.00%,SullTr01
570,Manti Te'o,NOR,27,LB,5,2,0,11,6,54.50%,32,5.3,2.9,0,60,3.5,11,21,6,0,0,0,0,18,1,5.30%,TeoxMa00
571,Kyzir White,LAC,22,DB,3,3,1,16,8,50.00%,97,12.1,6.1,1,63.8,6.9,39,58,0,0,0,0,0,17,2,10.50%,WhitKy00
572,Montravius Adams,GNB,23,DT,16,1,0,0,0,,0,,,0,,,0,0,0,0,0,1.5,2,20,0,0.00%,AdamMo00
573,Derek Barnett,PHI,22,LDE,6,6,0,0,0,,0,,,0,,,0,0,1,3,5,2.5,11,16,1,5.90%,BarnDe01
574,Su'a Cravens,DEN,23,LB,5,0,0,9,9,100.00%,125,13.9,13.9,0,118.7,9.3,84,41,5,0,1,0,1,18,0,0.00%,CravSu00
575,Matthias Farley,IND,26,DB,5,1,1,15,10,66.70%,158,15.8,10.5,1,96,9.9,116,42,2,0,0,0,0,19,3,13.60%,FarlMa00
576,E.J. Gaines,CLE,26,DB,6,2,1,20,8,40.00%,127,15.9,6.4,0,41,11.3,85,42,2,0,0,0,0,13,4,23.50%,GainE.00
577,Kemal Ishmael,ATL,27,DB,16,0,0,3,3,100.00%,36,12,12,0,116.7,6,18,18,0,0,0,0,0,21,0,0.00%,IshmKe00
578,D.J. Jones,SFO,23,DT,10,4,0,0,0,,0,,,0,,,0,0,0,1,1,0,2,17,2,10.50%,JoneD.01
579,Emmanuel Lamur,2TM,29,LB,10,4,0,2,1,50.00%,8,8,4,0,60.4,28,3,5,3,0,0,0,0,13,2,13.30%,LamuEm00
580,Haloti Ngata,PHI,34,LDT,13,9,0,1,0,0.00%,0,,0,0,39.6,-6,0,0,0,1,2,1,4,17,1,5.60%,NgatHa20
581,Vincent Rey,CIN,31,LB,16,2,0,5,3,60.00%,31,10.3,6.2,0,77.9,3.2,-3,34,7,0,0,0,0,19,0,0.00%,ReyxVi00
582,Craig Robertson,NOR,30,LB,16,0,0,3,2,66.70%,21,10.5,7,0,86.8,4.7,12,9,6,0,0,1,1,14,0,0.00%,RobeCr00
583,Shamar Stephen,SEA,27,RDT,15,14,0,1,1,100.00%,2,2,2,0,79.2,2,2,0,0,1,1,2,4,25,2,7.40%,StepSh00
584,Kemoko Turay,IND,23,LB,14,3,0,1,1,100.00%,11,11,11,0,112.5,7,7,4,1,8,6,4,19,15,1,6.30%,TuraKe00
585,Chris Conte,TAM,29,DB,3,3,0,6,4,66.70%,47,11.8,7.8,0,90.3,10.5,39,8,0,0,0,0,0,14,0,0.00%,ContCh00
586,Dane Cruikshank,TEN,23,DB,12,0,0,2,2,100.00%,3,1.5,1.5,0,79.2,-2.5,-5,8,0,0,0,0,0,11,1,8.30%,CruiDa00
587,Mike Daniels,GNB,29,RDE,10,9,0,0,0,,0,,,0,,,0,0,0,11,1,2,14,18,2,10.00%,DaniMi00
588,Nick DeLuca,JAX,23,LB,9,2,0,4,3,75.00%,19,6.3,4.8,1,124,2.3,8,11,8,1,0,1,2,12,1,7.70%,DeLuNi00
589,Bryce Hager,LAR,26,LB,16,0,0,5,3,60.00%,12,4,2.4,0,64.6,1.4,0,12,4,0,0,0,0,14,0,0.00%,HageBr00
590,Tre Herndon,JAX,22,DB,11,0,0,8,6,75.00%,73,12.2,9.1,1,142.2,8,51,22,1,0,0,0,0,13,1,7.10%,HernTr00
591,Jourdan Lewis,DAL,23,DB,15,1,1,19,13,68.40%,96,7.4,5.1,0,58.2,6.1,30,66,8,1,0,0,1,12,1,7.70%,LewiJo01
592,Star Lotulelei,BUF,29,RDT,16,16,0,0,0,,0,,,0,,,0,0,0,3,0,0,3,17,0,0.00%,LotuSt00
593,Rontez Miles,NYJ,30,DB,8,1,0,1,1,100.00%,8,8,8,0,100,6,6,2,0,0,0,0,0,11,0,0.00%,MileRo00
594,Siran Neal,BUF,24,DB,16,0,0,0,0,,0,,,0,,,0,0,1,0,0,1,1,11,0,0.00%,NealSi00
595,Nick Nelson,OAK,22,DB,10,3,0,30,18,60.00%,307,17.1,10.2,4,134.3,13.6,177,130,6,0,0,0,0,20,3,13.00%,NelsNi00
596,Roy Robertson-Harris,CHI,25,DE,16,0,0,0,0,,0,,,0,,,0,0,0,7,5,3,16,22,1,4.30%,RobeRo00
597,Josh Shaw,2TM,26,DB,8,0,0,7,6,85.70%,79,13.2,11.3,0,113.7,10.3,62,17,0,0,0,0,0,12,1,7.70%,ShawJo00
598,Danny Shelton,NWE,25,NT,13,1,0,1,0,0.00%,0,,0,0,39.6,0,0,0,0,1,1,0,3,21,0,0.00%,ShelDa01
599,Nathan Stupar,NYG,30,LB,16,1,0,5,4,80.00%,22,5.5,4.4,1,124.6,1.6,3,19,1,0,0,0,0,14,1,6.70%,StupNa01
600,Kyle Wilber,OAK,29,LB,14,0,0,2,1,50.00%,9,9,4.5,0,62.5,4,3,6,1,3,0,0,3,15,2,11.80%,WilbKy00
601,Brandon Williams,ARI,26,DB,16,0,0,7,4,57.10%,80,20,11.4,1,136.9,13.4,47,33,0,0,0,0,0,10,2,16.70%,WillBr07
602,Al Woods,IND,31,LDT,14,8,0,0,0,,0,,,0,,,0,0,0,7,2,0,9,24,1,4.00%,WoodAl99
603,Ja'Whaun Bentley,NWE,22,LB,3,2,1,8,6,75.00%,56,9.3,7,0,54.2,5.9,12,44,14,0,1,0,1,14,1,6.70%,BentJa00
604,Terrence Brooks,NYJ,26,DB,16,0,0,3,0,0.00%,0,,0,0,39.6,25,0,0,1,0,0,0,0,10,2,16.70%,BrooTe00
605,Riley Bullough,TAM,25,LB,9,3,0,5,2,40.00%,24,12,4.8,0,55.4,9.6,6,18,0,0,0,0,0,14,0,0.00%,BullRi00
606,Adrian Clayborn,NWE,30,DE,14,1,0,0,0,,0,,,0,,,0,0,1,8,8,2.5,20,11,3,21.40%,ClayAd00
607,William Compton,TEN,29,LB,12,2,0,3,1,33.30%,7,7,2.3,0,42.4,5.7,3,4,5,0,0,0,0,16,0,0.00%,CompWi00
608,Sheldon Day,SFO,24,DT,12,0,0,0,0,,0,,,0,,,0,0,0,9,1,2,12,11,1,8.30%,DayxSh00
609,De'Vante Harris,TAM,25,DB,10,1,0,11,6,54.50%,73,12.2,6.6,0,75.2,11.5,39,34,0,0,0,0,0,10,2,16.70%,HarrDe04
610,Ramon Humber,2TM,31,LB,15,0,0,6,5,83.30%,45,9,7.5,0,97.9,-0.8,2,43,4,0,0,0,0,9,1,10.00%,HumbRa00
611,Joel Iyiegbuniwe,CHI,23,LB,16,0,0,4,3,75.00%,24,8,6,0,89.6,2,-5,29,4,0,0,0,0,9,0,0.00%,IyieJo00
612,Branden Jackson,SEA,26,DE,9,1,0,1,1,100.00%,-6,-6,-6,0,79.2,-6,-6,0,0,4,0,1,5,10,2,16.70%,JackBr04
613,Danny Johnson,WAS,23,DB,14,1,0,14,12,85.70%,150,12.5,10.7,2,150.9,9.2,74,76,0,0,0,0,0,14,2,12.50%,JohnDa09
614,Adam Jones,DEN,35,DB,7,2,1,20,11,55.00%,122,11.1,6.1,1,69.2,8.2,42,80,0,0,0,0,0,9,4,30.80%,JonePa20
615,Tyquan Lewis,IND,23,LDE,8,6,0,1,1,100.00%,12,12,12,0,116.7,9,9,3,0,5,4,2,11,13,0,0.00%,LewiTy00
616,Corey Liuget,LAC,28,DT,6,3,0,0,0,,0,,,0,,,0,0,0,2,3,1.5,7,14,0,0.00%,LiugCo00
617,Terrell McClain,ATL,30,LDT,13,5,0,0,0,,8,,,0,,,5,3,0,1,0,1,2,17,2,10.50%,McClTe00
618,Dontari Poe,CAR,28,RDT,16,16,0,0,0,,0,,,0,,,0,0,0,2,1,1,4,17,2,10.50%,PoexDo00
619,Eric Rowe,NWE,26,DB,4,2,0,12,6,50.00%,106,17.7,8.8,2,120.1,13.3,79,27,3,1,0,0,1,10,0,0.00%,RoweEr00
620,KeiVarae Russell,CIN,25,DB,7,1,0,15,11,73.30%,136,12.4,9.1,1,123.2,8.5,83,53,0,0,0,0,0,12,2,14.30%,RussKe00
621,Walt Aikens,MIA,27,DB,16,1,1,4,2,50.00%,49,24.5,12.3,1,94.8,22.8,34,15,0,0,0,0,0,11,1,8.30%,AikeWa00
622,Cornell Armstrong,MIA,23,DB,15,0,0,8,6,75.00%,57,9.5,7.1,1,133.9,7,56,1,0,0,0,0,0,8,0,0.00%,ArmsCo00
623,Dorance Armstrong Jr.,DAL,21,DE,15,1,0,0,0,,0,,,0,,,0,0,0,4,2,0.5,7,13,1,7.10%,ArmsDo00
624,Chris Banjo,NOR,28,DB,16,0,2,5,2,40.00%,70,35,14,1,87.5,24.6,48,22,2,0,0,0,0,10,1,9.10%,BanjCh00
625,Daren Bates,TEN,28,LB,16,0,0,4,4,100.00%,54,13.5,13.5,0,118.7,9.3,37,17,2,0,0,0,0,10,0,0.00%,BateDa00
626,Eric Berry,KAN,30,DB,2,2,0,5,4,80.00%,78,19.5,15.6,0,118.7,15,73,5,2,1,0,0,1,11,1,8.30%,BerrEr99
627,Chris Board,BAL,23,LB,16,0,0,0,0,,0,,,0,,,0,0,3,0,0,0,0,12,0,0.00%,BoarCh00
628,Deon Bush,CHI,25,DB,15,2,0,7,3,42.90%,32,10.7,4.6,0,56.8,6.9,27,5,0,0,0,1,1,8,0,0.00%,BushDe00
629,Adam Butler,NWE,24,DT,16,0,0,2,1,50.00%,-3,-3,-1.5,0,56.2,-2.5,-4,1,2,5,2,3,10,17,0,0.00%,ButlAd00
630,Christian Covington,HOU,25,DT,12,2,0,2,1,50.00%,1,1,0.5,0,56.2,0.5,3,-2,0,3,3,3.5,10,15,0,0.00%,CoviCh00
631,Tyeler Davison,NOR,26,RDT,14,12,0,1,1,100.00%,12,12,12,0,116.7,7,7,5,0,2,1,2,5,23,0,0.00%,DaviTy01
632,Shaquem Griffin,SEA,23,LB,16,1,0,5,4,80.00%,81,20.3,16.2,1,158.3,4.8,8,73,0,0,0,0,0,11,1,8.30%,GrifSh01
633,Eli Harold,DET,24,DE,13,0,0,1,0,0.00%,0,,0,0,39.6,-5,0,0,22,0,1,4,5,10,0,0.00%,HaroEl00
634,Charles Harris,MIA,23,DE,11,1,0,1,1,100.00%,-4,-4,-4,0,79.2,-6,-6,2,0,8,3,1,12,19,2,9.50%,HarrCh03
635,Treyvon Hester,PHI,26,DT,12,1,0,0,0,,0,,,0,,,0,0,0,1,0,1,2,13,2,13.30%,HestTr00
636,DeAndre Houston-Carson,CHI,25,DB,13,0,0,3,2,66.70%,18,9,6,0,82.6,4.7,11,7,2,0,1,0,1,10,0,0.00%,HousDe00
637,Natrell Jamerson,2TM,23,DB,12,0,0,8,5,62.50%,121,24.2,15.1,0,106.2,16.6,86,35,0,0,0,0,0,10,3,23.10%,JameNa00
638,Leonard Johnson,ARI,28,DB,6,1,0,11,11,100.00%,133,12.1,12.1,0,117,7.6,84,49,6,1,0,0,1,10,2,16.70%,JohnLe03
639,Colin Jones,CAR,31,DB,16,1,1,6,5,83.30%,68,13.6,11.3,2,113.9,13.3,62,6,1,0,0,0,0,20,1,4.80%,JoneCo01
640,Matt Longacre,LAR,27,ROLB,13,7,0,0,0,,0,,,0,,,0,0,28,4,3,1,8,17,3,15.00%,LongMa00
641,Jacob Martin,SEA,23,DE,16,0,0,1,1,100.00%,23,23,23,0,118.7,16,16,7,0,5,5,3,13,10,1,9.10%,MartJa02
642,David Mayo,CAR,25,LB,16,3,0,7,6,85.70%,96,16,13.7,0,118.7,6.1,42,54,7,2,0,0,2,14,5,26.30%,MayoDa00
643,Pernell McPhee,WAS,30,DE,13,0,0,2,2,100.00%,6,3,3,0,79.2,-2.5,-5,11,7,4,3,0,7,11,2,15.40%,McPhPe00
644,Kevin Minter,TAM,28,LB,5,0,0,2,1,50.00%,11,11,5.5,0,66.7,5,5,6,1,0,0,1,1,10,1,9.10%,MintKe00
645,Zach Moore,ARI,28,DE,16,1,0,2,2,100.00%,27,13.5,13.5,0,118.7,1.5,3,24,1,1,1,3.5,6,14,2,12.50%,MoorZa00
646,Lafayette Pitts,BUF,26,DB,16,0,0,5,3,60.00%,31,10.3,6.2,0,77.9,11.6,2,29,0,0,0,0,0,9,1,10.00%,PittLa00
647,Jalen Reeves-Maybin,DET,23,LB,9,0,0,3,1,33.30%,0,0,0,0,42.4,11.7,0,0,1,0,0,0,0,13,3,18.80%,ReevJa00
648,Dominique Rodgers-Cromartie,OAK,32,DB,7,1,0,14,6,42.90%,42,7,3,0,50.3,9.4,17,25,1,0,0,0,0,8,4,33.30%,RodgDo99
649,Derrick Shelby,ATL,29,DE,7,3,0,0,0,,0,,,0,,,0,0,0,2,0,0,2,10,0,0.00%,ShelDe00
650,John Simon,NWE,28,DE,11,2,0,2,2,100.00%,23,11.5,11.5,0,114.6,9,18,5,25,3,1,2,6,17,1,5.60%,SimoJo01
651,Grover Stewart,IND,25,DT,15,1,0,0,0,,0,,,0,,,0,0,0,1,0,0,1,17,1,5.60%,StewGr00
652,Dymonte Thomas,DEN,25,DB,12,0,1,2,0,0.00%,0,,0,0,0,23.5,0,0,2,0,0,1,1,12,0,0.00%,ThomDy01
653,Corey Thompson,BUF,25,LB,6,1,0,4,3,75.00%,11,3.7,2.8,0,77.1,6.8,7,4,3,0,0,0,0,14,2,12.50%,ThomCo02
654,Sylvester Williams,2TM,30,DT,14,4,0,0,0,,0,,,0,,,0,0,0,3,0,0,3,14,2,12.50%,WillSy00
655,Jonathan Woodard,MIA,25,DE,6,0,0,0,0,,0,,,0,,,0,0,0,2,1,1,4,10,1,9.10%,WoodJo00
656,Jamal Agnew,DET,23,DB,6,0,0,12,9,75.00%,133,14.8,11.1,0,110.8,10.2,82,51,1,1,0,0,1,7,2,22.20%,AgneJa00
657,Ryan Anderson,WAS,24,LB,13,0,0,3,1,33.30%,17,17,5.7,0,53.5,2.3,3,14,3,3,2,2,7,18,1,5.30%,AndeRy00
658,Ezekiel Ansah,DET,29,DE,7,2,0,0,0,,0,,,0,,,0,0,0,2,3,4,9,11,1,8.30%,AnsaEz00
659,Jeremiah Attaochu,NYJ,25,LB,11,0,0,2,1,50.00%,7,7,3.5,1,97.9,7,7,0,4,2,3,2,7,9,1,10.00%,AttaJe00
660,Johnson Bademosi,HOU,28,DB,16,0,0,1,1,100.00%,8,8,8,0,100,6,6,2,0,0,0,0,0,10,0,0.00%,BadeJo00
661,Kentrell Brothers,MIN,25,LB,12,0,0,1,0,0.00%,0,,0,0,39.6,8,0,0,1,0,0,1,1,10,0,0.00%,BrotKe00
662,Jermaine Carter Jr.,CAR,23,LB,16,1,0,7,6,85.70%,91,15.2,13,1,158.3,8.1,37,54,2,0,1,0,1,13,2,13.30%,CartJe00
663,Blake Countess,LAR,25,DB,16,1,1,5,3,60.00%,44,14.7,8.8,0,49.2,8,29,15,1,0,0,0,0,9,2,18.20%,CounBl00
664,Rudy Ford,ARI,24,DB,13,1,0,1,1,100.00%,13,13,13,0,118.7,4,4,9,0,0,0,0,0,9,2,18.20%,FordRu00
665,William Gholston,TAM,27,DE,16,2,0,0,0,,0,,,0,,,0,0,1,1,4,1,6,10,0,0.00%,GholWi00
666,Najee Goode,IND,29,LB,16,0,1,4,4,100.00%,31,7.8,7.8,1,99,3,12,19,2,1,0,0,1,16,3,15.80%,GoodNa00
667,Rasheem Green,SEA,21,DE,10,0,0,0,0,,0,,,0,,,0,0,0,1,0,1,2,9,0,0.00%,GreeRa01
668,Nicholas Grigsby,2TM,26,LB,12,0,0,2,1,50.00%,10,10,5,0,64.6,1,-1,11,2,0,1,0,1,10,1,9.10%,GrigNi01
669,Trey Hendrickson,NOR,24,LB,5,0,0,0,0,,0,,,0,,,0,0,0,5,4,0,9,8,0,0.00%,HendTr00
670,Mike Hull,MIA,27,LB,8,1,0,2,2,100.00%,14,7,7,0,95.8,1.5,3,11,5,2,0,0,2,9,1,10.00%,HullMi01
671,Isaiah Irving,CHI,24,LB,13,0,0,0,0,,0,,,0,,,0,0,3,3,2,1,6,8,0,0.00%,IrviIs00
672,Justin Jones,LAC,22,DT,15,0,0,0,0,,0,,,0,,,0,0,0,1,0,0.5,2,17,1,5.60%,JoneJu03
673,Peter Kalambayi,HOU,23,LB,15,0,0,4,3,75.00%,44,14.7,11,0,110.4,3.8,14,30,0,1,0,0,1,13,1,7.10%,KalaPe00
674,Shalom Luani,SEA,24,DB,12,0,0,1,1,100.00%,3,3,3,0,79.2,3,3,0,1,0,1,0,1,9,0,0.00%,LuanSh00
675,Stacy McGee,WAS,28,DT,8,1,0,0,0,,0,,,0,,,0,0,0,0,0,1,1,9,0,0.00%,McGeSt01
676,Rodney McLeod,PHI,28,DB,3,3,0,10,4,40.00%,31,7.8,3.1,0,48.3,8.1,19,12,5,0,0,0,0,10,2,16.70%,McLeRo00
677,Steven Means,ATL,28,DE,8,4,0,0,0,,0,,,0,,,0,0,1,2,0,1,3,14,0,0.00%,MeanSt00
678,Quenton Meeks,JAX,21,DB,8,1,0,5,2,40.00%,44,22,8.8,0,72.1,11.4,31,13,0,0,0,0,0,8,1,11.10%,MeekQu00
679,Corey Moore,IND,25,DB,15,0,1,2,2,100.00%,49,24.5,24.5,0,79.2,23,46,3,0,0,0,0,0,12,1,7.70%,MoorCo00
680,Ben Niemann,KAN,23,LB,14,1,0,3,3,100.00%,49,16.3,16.3,0,118.7,7,21,28,0,0,0,0,0,10,0,0.00%,NiemBe00
681,Rashard Robinson,NYJ,23,DB,10,1,0,9,8,88.90%,126,15.8,14,1,155.8,9.8,88,38,1,0,0,0,0,8,1,11.10%,RobiRa00
682,Chandon Sullivan,PHI,22,DB,5,1,0,7,6,85.70%,117,19.5,16.7,0,118.7,12.7,85,32,0,0,0,0,0,7,3,30.00%,SullCh00
683,Joe Thomas,DAL,27,LB,10,0,0,7,5,71.40%,41,8.2,5.9,0,86,2.9,21,20,5,0,0,0,0,14,2,12.50%,ThomJo04
684,Tavierre Thomas,CLE,22,DB,13,0,0,3,2,66.70%,25,12.5,8.3,0,92.4,3.3,10,15,0,0,0,0,0,8,1,11.10%,ThomTa01
685,Zach Vigil,WAS,27,LB,14,0,0,4,3,75.00%,15,5,3.8,0,80.2,3,10,5,1,0,0,0,0,10,1,9.10%,VigiZa00
686,Anthony Zettel,CLE,26,DE,15,0,0,1,1,100.00%,5,5,5,0,87.5,5,5,0,0,0,0,0,0,14,0,0.00%,ZettAn00
687,Connor Barwin,NYG,32,DE,15,3,0,2,1,50.00%,13,13,6.5,0,70.8,2,-1,14,23,1,3,1,5,12,0,0.00%,BarwCo99
688,Tarell Basham,2TM,24,DE,11,1,0,0,0,,0,,,0,,,0,0,3,1,2,0,3,8,0,0.00%,BashTa00
689,Tyus Bowser,BAL,23,LB,15,0,0,2,1,50.00%,-1,-1,-0.5,0,56.2,9,-5,4,11,3,0,0.5,4,11,0,0.00%,BowsTy00
690,James Burgess,CLE,24,LB,3,2,0,4,2,50.00%,21,10.5,5.3,0,65.6,5,9,12,9,2,0,0,2,8,4,33.30%,BurgJa01
691,Vernon Butler,CAR,24,DT,14,0,0,0,0,,0,,,0,,,0,0,0,5,0,0.5,6,19,1,5.00%,ButlVe00
692,Shilique Calhoun,OAK,26,DE,7,0,0,0,0,,0,,,0,,,0,0,0,4,0,0,4,12,0,0.00%,CalhSh00
693,Jordan Dangerfield,PIT,28,DB,16,1,0,1,1,100.00%,10,10,10,0,108.3,10,10,0,0,0,0,0,0,7,1,12.50%,DangJo00
694,Duke Ejiofor,HOU,23,DE,12,0,0,3,3,100.00%,17,5.7,5.7,0,90.3,1,3,14,35,3,1,1,5,9,1,10.00%,EjioDu00
695,John Franklin-Myers,LAR,22,DT,16,0,0,0,0,,0,,,0,,,0,0,0,11,4,2,17,10,0,0.00%,FranJo02
696,Ryan Glasgow,CIN,25,DT,3,0,0,0,0,,0,,,0,,,0,0,0,1,1,0,2,11,1,8.30%,GlasRy00
697,Andre Hal,HOU,26,DB,8,2,3,11,7,63.60%,162,23.1,14.7,1,97.9,14.2,111,51,2,0,0,0,0,13,2,13.30%,HalxAn00
698,Vernon Hargreaves III,TAM,23,DB,1,1,0,7,5,71.40%,59,11.8,8.4,0,96.7,8.7,46,13,1,0,0,0,0,7,0,0.00%,HargVe00
699,Jaleel Johnson,MIN,24,DT,16,1,0,0,0,,0,,,0,,,0,0,0,1,0,0.5,2,13,0,0.00%,JohnJa09
700,Deon Lacey,BUF,28,LB,16,0,0,1,0,0.00%,0,,0,0,39.6,-7,0,0,0,0,0,0,0,8,0,0.00%,LaceDe00
701,Arthur Maulet,2TM,25,DB,6,1,0,12,9,75.00%,139,15.4,11.6,1,140.6,6.7,64,75,0,0,0,0,0,9,1,10.00%,MaulAr00
702,Lerentee McCray,JAX,28,LB,13,0,0,1,1,100.00%,42,42,42,0,118.7,18,18,24,0,3,1,1,5,9,1,10.00%,McCrLe01
703,Efe Obada,CAR,26,DE,10,0,1,1,1,100.00%,15,15,15,1,118.7,3,3,12,0,4,4,2,10,8,0,0.00%,ObadEf00
704,Olsen Pierre,ARI,27,DE,10,1,0,0,0,,0,,,0,,,0,0,0,1,1,0,2,12,2,14.30%,PierOl00
705,Kevin Pierre-Louis,NYJ,27,LB,9,0,0,3,2,66.70%,18,9,6,0,82.6,10,17,1,3,0,1,1,2,7,1,12.50%,PierKe00
706,Lenzy Pipkins,2TM,25,DB,3,1,0,4,3,75.00%,23,7.7,5.8,0,88.5,0.5,-5,28,0,0,0,0,0,9,0,0.00%,PipkLe00
707,Tyvis Powell,SFO,24,DB,7,1,0,8,7,87.50%,86,12.3,10.8,2,151,5.3,31,55,2,0,0,0,0,6,0,0.00%,PoweTy01
708,Brian Price,2TM,24,DT,13,1,0,0,0,,0,,,0,,,0,0,0,0,0,0,0,12,1,7.70%,PricBr00
709,Shane Ray,DEN,25,DE,11,0,0,4,3,75.00%,40,13.3,10,0,106.2,4.3,6,34,17,3,0,1,4,10,0,0.00%,RayxSh00
710,Caraun Reid,DAL,27,DT,10,1,0,0,0,,0,,,0,,,0,0,0,1,2,0.5,4,10,0,0.00%,ReidCa00
711,Christian Ringo,2TM,26,DE,6,0,0,1,1,100.00%,12,12,12,0,116.7,-3,-3,15,0,0,1,1.5,3,10,0,0.00%,RingCh00
712,Daniel Ross,DAL,25,DT,13,0,0,0,0,,0,,,0,,,0,0,0,0,5,1,6,14,1,6.70%,RossDa02
713,Tim Settle,WAS,21,DT,16,0,0,0,0,,0,,,0,,,0,0,0,2,0,0,2,8,2,20.00%,SettTi00
714,Taylor Stallworth,NOR,23,DT,14,0,0,1,0,0.00%,13,,13,0,79.2,6,6,7,0,0,0,1,1,8,0,0.00%,StalTa00
715,Josh Tupou,CIN,24,NT,6,0,0,0,0,,0,,,0,,,0,0,0,0,0,0,0,9,2,18.20%,TupoJo00
716,J.J. Wilcox,2TM,27,DB,7,0,0,4,2,50.00%,7,3.5,1.8,0,56.2,1.3,5,2,7,0,0,0,0,7,0,0.00%,WilcJ.00
717,Tim Williams,BAL,25,DE,7,0,0,0,0,,0,,,0,,,0,0,2,5,0,2,7,10,0,0.00%,WillTi00
718,Brandon Wilson,CIN,24,RB,16,0,0,2,2,100.00%,32,16,16,0,118.7,5,10,22,0,0,0,0,0,11,0,0.00%,WilsBr01
719,Anthony Averett,BAL,24,DB,11,0,0,4,1,25.00%,18,18,4.5,0,45.8,23,12,6,0,0,0,0,0,5,0,0.00%,AverAn00
720,Maurice Canady,BAL,24,DB,7,0,0,2,2,100.00%,24,12,12,0,116.7,12,24,0,0,0,0,0,0,5,0,0.00%,CanaMa00
721,Cody Davis,JAX,29,DB,16,0,0,0,0,,0,,,0,,,0,0,0,0,0,0,0,10,1,9.10%,DaviCo02
722,Jalen Davis,MIA,22,DB,3,0,0,5,3,60.00%,28,9.3,5.6,0,75.4,5.6,14,14,2,0,1,1,2,6,1,14.30%,DaviJa06
723,Keionta Davis,NWE,24,DE,6,3,0,0,0,,0,,,0,,,0,0,1,2,2,0,4,6,2,25.00%,DaviKe03
724,Kerry Hyder,DET,27,DE,7,0,0,0,0,,0,,,0,,,0,0,0,0,1,1,2,6,2,25.00%,HydeKe01
725,Cyrus Jones,2TM,25,DB,13,0,0,1,0,0.00%,31,,31,0,79.2,23,16,15,0,0,0,0,0,8,0,0.00%,JoneCy00
726,Bennie Logan,TEN,29,DT,15,0,0,0,0,,0,,,0,,,0,0,0,0,0,0,0,14,1,6.70%,LogaBe00
727,R.J. McIntosh,NYG,22,DT,6,0,0,0,0,,0,,,0,,,0,0,0,0,1,0,1,5,0,0.00%,McInR.00
728,Christopher Milton,IND,26,DB,15,0,0,6,4,66.70%,56,14,9.3,2,136.1,14.5,39,17,0,0,0,0,0,10,2,16.70%,MiltCh00
729,Eddie Pleasant,2TM,30,DB,6,1,0,7,6,85.70%,75,12.5,10.7,0,111.3,11.9,56,19,8,2,0,0,2,8,3,27.30%,PleaEd00
730,Hassan Ridgeway,IND,24,DT,5,0,0,1,1,100.00%,-1,-1,-1,0,79.2,-5,-5,4,0,0,0,0,0,6,1,14.30%,RidgHa00
731,Patrick Robinson,NOR,31,DB,3,1,0,5,3,60.00%,12,4,2.4,0,64.6,1.6,3,9,1,0,0,0,0,6,0,0.00%,RobiPa99
732,Nathan Shepherd,NYJ,25,RDE,16,5,0,0,0,,0,,,0,,,0,0,0,1,4,0,5,15,3,16.70%,ShepNa00
733,Maurice Smith,MIA,23,DB,7,0,0,4,3,75.00%,46,15.3,11.5,0,112.5,16.8,23,23,0,0,0,0,0,5,3,37.50%,SmitMa04
734,Shamarko Thomas,DEN,27,DB,6,0,0,1,1,100.00%,4,4,4,1,122.9,4,4,0,0,0,0,0,0,7,0,0.00%,ThomSh00
735,Neiko Thorpe,SEA,28,DB,12,0,0,4,2,50.00%,21,10.5,5.3,0,65.6,18.3,9,12,0,0,0,0,0,7,0,0.00%,ThorNe00
736,Ethan Westbrooks,LAR,28,DE,16,0,0,0,0,,0,,,0,,,0,0,0,0,0,1,1,8,0,0.00%,WestEt00
737,Adonis Alexander,WAS,22,DB,9,0,0,2,1,50.00%,6,6,3,0,56.2,1.5,0,6,0,0,0,0,0,4,1,20.00%,AlexAd00
738,Tashawn Bower,MIN,23,DE,5,0,0,0,0,,0,,,0,,,0,0,0,1,0,0,1,6,1,14.30%,BoweTa00
739,Deante Burton,2TM,24,WR,3,0,0,6,6,100.00%,64,10.7,10.7,0,111.1,8,48,16,0,0,0,0,0,5,0,0.00%,BurtDe00
740,Bryan Cox Jr.,CAR,24,DE,11,0,0,3,1,33.30%,11,11,3.7,0,45.1,6,10,1,0,1,1,0,2,10,2,16.70%,CoxxBr01
741,Brock Coyle,SFO,28,LB,1,1,0,5,3,60.00%,40,13.3,8,0,85.4,-0.6,-2,42,3,1,0,0,1,6,1,14.30%,CoylBr00
742,Benny Cunningham,CHI,28,RB,15,0,0,1,1,100.00%,7,7,7,0,95.8,2,2,5,0,0,0,0,0,4,0,0.00%,CunnBe01
743,Donte Deayon,NYG,24,DB,4,0,0,10,5,50.00%,61,12.2,6.1,0,69.2,9.3,50,11,0,0,0,0,0,6,3,33.30%,DeayDo01
744,Dominique Easley,LAR,26,DT,3,3,0,0,0,,0,,,0,,,0,0,1,3,0,0,3,4,0,0.00%,EaslDo00
745,Ukeme Eligwe,NYG,24,LB,10,0,0,4,4,100.00%,23,5.8,5.8,0,90.6,2.5,10,13,5,1,0,0,1,7,0,0.00%,EligUk00
746,Raven Greene,GNB,23,DB,8,0,0,2,1,50.00%,0,0,0,0,56.2,13,0,0,4,0,0,1,1,5,0,0.00%,GreeRa02
747,William Hayes,MIA,33,DE,3,0,0,0,0,,0,,,0,,,0,0,0,0,0,2,2,4,0,0.00%,HayeWi99
748,Evander Hood,2TM,31,DT,13,0,0,0,0,,0,,,0,,,0,0,0,3,0,0,3,9,1,10.00%,HoodEv99
749,Darius Kilgo,TEN,27,DE,11,0,0,0,0,,0,,,0,,,0,0,0,0,0,0,0,5,3,37.50%,KilgDa01
750,Kenny Ladler,2TM,26,DB,8,0,0,2,2,100.00%,26,13,13,0,118.7,7,14,12,1,0,1,0,1,9,1,10.00%,LadlKe00
751,Justin Lawler,LAR,24,DE,16,0,0,6,5,83.30%,23,4.6,3.8,0,82.6,-1.3,-10,33,2,0,0,0,0,6,0,0.00%,LawlJu00
752,Carl Lawson,CIN,23,LB,7,0,0,1,0,0.00%,0,,0,0,39.6,-5,0,0,0,9,4,1,14,6,0,0.00%,LawsCa00
753,Eric Lee,DET,24,LB,9,0,0,0,0,,0,,,0,,,0,0,0,2,0,0,2,6,2,25.00%,LeexEr00
754,Cameron Lynch,TAM,25,LB,16,0,0,0,0,,0,,,0,,,0,0,1,0,0,0,0,4,0,0.00%,LyncCa00
755,Dean Marlowe,BUF,26,DB,2,1,0,3,1,33.30%,4,4,1.3,0,42.4,13.3,4,0,2,0,0,0,0,5,0,0.00%,MarlDe00
756,Albert McClellan,2TM,32,LB,13,1,0,2,1,50.00%,9,9,4.5,0,62.5,10,8,1,1,0,0,0,0,7,0,0.00%,McClAl00
757,Dexter McDougle,PHI,27,DB,2,1,0,9,6,66.70%,74,12.3,8.2,0,91.9,6.1,41,33,3,0,1,0,1,5,3,37.50%,McDoDe00
758,Tony McRae,CIN,25,DB,12,1,0,11,8,72.70%,97,12.1,8.8,0,99.4,1,7,90,1,0,0,0,0,9,1,10.00%,McRaTo00
759,Skai Moore,IND,23,LB,9,1,0,0,0,,0,,,0,,,0,0,2,1,0,0,1,4,0,0.00%,MoorSk00
760,Brian Peters,HOU,30,LB,11,0,0,6,6,100.00%,112,18.7,18.7,0,118.7,4.7,28,84,1,0,0,0,0,9,4,30.80%,PeteBr00
761,Denzel Rice,2TM,25,DB,12,0,1,3,2,66.70%,31,15.5,10.3,0,61.1,17,22,9,0,0,0,0,0,5,0,0.00%,RiceDe00
762,Josh Robinson,NOR,27,DB,11,0,0,2,1,50.00%,9,9,4.5,0,62.5,5.5,6,3,1,0,0,0,0,6,0,0.00%,RobiJo01
763,Da'Norris Searcy,CAR,30,DB,2,2,0,3,2,66.70%,24,12,8,0,91,14.3,11,13,0,0,0,0,0,5,0,0.00%,SearDa00
764,Tremon Smith,KAN,22,DB,14,1,0,7,4,57.10%,76,19,10.9,0,94.9,14.3,51,25,0,0,0,0,0,5,2,28.60%,SmitTr04
765,Jullian Taylor,SFO,23,DT,6,0,0,0,0,,0,,,0,,,0,0,0,0,1,0,1,7,0,0.00%,TaylJu00
766,Jihad Ward,IND,24,DE,6,0,0,0,0,,0,,,0,,,0,0,0,1,1,3,5,4,1,20.00%,WardJi02
767,Adolphus Washington,2TM,24,DT,5,0,0,0,0,,0,,,0,,,0,0,0,0,1,1,2,8,0,0.00%,WashAd00
768,Dekoda Watson,SFO,30,LB,4,0,0,0,0,,0,,,0,,,0,0,3,1,0,2,4,6,0,0.00%,WatsDe99
769,Marcus Williams,2TM,27,DB,5,0,0,6,4,66.70%,40,10,6.7,0,85.4,19.5,40,0,0,0,0,0,0,4,0,0.00%,WillMa03
770,Jack Cichy,TAM,23,LB,6,0,0,1,1,100.00%,7,7,7,0,95.8,7,7,0,0,0,0,0,0,4,0,0.00%,CichJa00
771,Corn Elder,CAR,24,DB,13,0,0,6,5,83.30%,96,19.2,16,1,158.3,13.5,64,32,0,0,0,0,0,3,2,40.00%,EldeCo00
772,Jalyn Holmes,MIN,22,DE,5,0,0,1,1,100.00%,7,7,7,0,95.8,5,5,2,0,0,0,1,1,3,0,0.00%,HolmJa01
773,David Irving,DAL,25,DT,2,0,0,0,0,,0,,,0,,,0,0,0,1,1,1,3,4,1,20.00%,IrviDa00
774,Derrick Jones,NYJ,24,DB,1,0,0,4,3,75.00%,18,6,4.5,0,83.3,4.8,10,8,0,0,0,0,0,3,1,25.00%,JoneDe02
775,Josh Keyes,HOU,25,LB,3,0,0,2,2,100.00%,35,17.5,17.5,0,118.7,9,18,17,0,0,0,0,0,5,0,0.00%,KeyeJo00
776,Tanoh Kpassagnon,KAN,24,DE,13,0,0,1,0,0.00%,0,,0,0,39.6,0,0,0,2,0,1,0,1,4,0,0.00%,KpasTa00
777,Chris Landrum,LAC,26,LB,7,0,0,0,0,,0,,,0,,,0,0,2,0,2,0,2,6,0,0.00%,LandCh00
778,Obi Melifonwu,NWE,24,DB,2,0,0,1,1,100.00%,5,5,5,0,87.5,5,5,0,2,0,0,0,0,3,0,0.00%,MeliOb00
779,David Parry,MIN,26,NT,3,0,0,0,0,,0,,,0,,,0,0,0,1,0,1,2,4,0,0.00%,ParrDa00
780,Dawuane Smoot,JAX,23,DE,8,0,0,1,0,0.00%,0,,0,0,39.6,1,0,0,0,2,3,0,5,4,0,0.00%,SmooDa00
781,Pita Taumoepenu,SFO,24,LB,4,0,0,1,1,100.00%,5,5,5,0,87.5,2,2,3,0,0,0,0,0,3,0,0.00%,TaumPi00
782,Matthew Thomas,PIT,23,LB,10,0,0,1,0,0.00%,8,,8,0,60.4,7,7,1,0,0,0,0,0,4,0,0.00%,ThomMa00
783,Korey Toomer,GNB,30,LB,7,0,0,1,1,100.00%,24,24,24,0,118.7,9,9,15,1,0,0,0,0,3,0,0.00%,ToomKo00
784,Michael Tyson,HOU,25,DB,10,2,0,2,0,0.00%,0,,0,0,39.6,12,0,0,2,0,0,0,0,5,1,16.70%,TysoMi00
785,Armani Watts,KAN,22,DB,5,0,0,2,1,50.00%,7,7,3.5,0,58.3,-1,-5,12,5,0,1,1,2,5,1,16.70%,WattAr00
786,Blidi Wreh-Wilson,ATL,29,DB,3,0,0,4,1,25.00%,11,11,2.8,0,39.6,17.3,3,8,0,0,0,0,0,4,0,0.00%,WrehBl00
787,Nat Berhe,PIT,27,DB,4,0,0,4,4,100.00%,42,10.5,10.5,0,110.4,8,32,10,1,0,0,0,0,3,1,25.00%,BerhNa00
788,Matt Dickerson,TEN,23,DT,3,0,0,0,0,,0,,,0,,,0,0,0,1,0,0,1,3,0,0.00%,DickMa00
789,Vontarrius Dora,ARI,26,LB,3,0,0,0,0,,0,,,0,,,0,0,0,1,1,0,2,3,1,25.00%,DoraVo00
790,Daeshon Hall,PHI,23,DE,3,0,0,0,0,,0,,,0,,,0,0,0,0,0,0.5,1,3,0,0.00%,HallDa01
791,Willie Henry,BAL,24,DT,3,0,0,0,0,,0,,,0,,,0,0,0,1,0,1,2,3,1,25.00%,HenrWi00
792,Joshua Holsey,WAS,24,DB,1,0,0,4,3,75.00%,29,9.7,7.3,0,94.8,3,-3,32,0,0,0,0,0,2,3,60.00%,HolsJo01
793,Timmy Jernigan,PHI,26,DT,3,3,0,0,0,,0,,,0,,,0,0,1,0,0,0,0,2,0,0.00%,JernTi00
794,Lyndon Johnson,JAX,24,DE,3,0,0,0,0,,0,,,0,,,0,0,0,1,0,0,1,2,0,0.00%,JohnLy00
795,Tre'von Johnson,LAC,23,LB,4,0,0,0,0,,0,,,0,,,0,0,0,0,0,0,0,3,1,25.00%,JohnTr07
796,Nazair Jones,SEA,24,DT,9,0,0,0,0,,0,,,0,,,0,0,0,1,2,0,3,7,0,0.00%,JoneNa00
797,Micah Kiser,LAR,23,LB,16,0,0,1,1,100.00%,23,23,23,0,118.7,-2,-2,25,0,0,0,0,0,4,0,0.00%,KiseMi00
798,Cameron Malveaux,2TM,24,DE,9,0,0,0,0,,0,,,0,,,0,0,0,3,0,1,5,10,0,0.00%,MalvCa00
799,Daniel McCullers,PIT,26,DT,15,1,0,0,0,,0,,,0,,,0,0,0,0,0,1,2,5,1,16.70%,McCuDa00
800,T.Y. McGill,2TM,26,DT,6,0,0,0,0,,0,,,0,,,0,0,0,0,1,0,1,5,0,0.00%,McGiT.00
801,Charone Peake,NYJ,26,WR,13,0,0,1,1,100.00%,15,15,15,0,118.7,8,8,7,0,0,0,0,0,4,0,0.00%,PeakCh00
802,Patrick Ricard,BAL,24,DT/FB,10,2,0,0,0,,0,,,0,,,0,0,0,1,1,0,2,4,0,0.00%,RicaPa00
803,Derek Rivers,NWE,24,DE,6,0,0,0,0,,0,,,0,,,0,0,0,0,0,1,1,2,0,0.00%,RiveDe00
804,Noah Spence,TAM,24,LB,12,0,0,0,0,,0,,,0,,,0,0,0,0,1,0,1,3,0,0.00%,SpenNo00
805,Cordrea Tankersley,MIA,25,DB,6,0,0,3,3,100.00%,42,14,14,0,118.7,10.7,32,10,0,0,0,0,0,5,1,16.70%,TankCo00
806,Destiny Vaeao,PHI,24,DT,6,3,0,0,0,,0,,,0,,,0,0,0,1,1,1,3,2,0,0.00%,VaeaDe01
807,DeMarcus Walker,DEN,24,DE,3,0,0,0,0,,0,,,0,,,0,0,0,0,0,1,1,4,0,0.00%,WalkDe03
808,Carlos Watkins,HOU,25,DT,4,0,0,0,0,,0,,,0,,,0,0,0,0,0,1,1,3,0,0.00%,WatkCa00
809,Muhammad Wilkerson,GNB,29,DT,3,3,0,0,0,,0,,,0,,,0,0,0,5,0,0,5,5,0,0.00%,WilkMu00
810,Jerel Worthy,TAM,28,DT,4,0,0,0,0,,0,,,0,,,0,0,0,1,0,0,1,3,0,0.00%,WortJe00
811,Frank Zombo,KAN,31,LB,9,0,0,1,0,0.00%,0,,0,0,39.6,1,0,0,0,0,0,0,0,2,0,0.00%,ZombFr00
812,Marcus Allen,PIT,22,DB,2,0,0,3,2,66.70%,13,6.5,4.3,0,75.7,2.3,5,8,1,0,0,0,0,2,0,0.00%,AlleMa03
813,Caleb Brantley,WAS,24,DT,7,0,0,0,0,,0,,,0,,,0,0,0,0,0,0,0,1,2,66.70%,BranCa00
814,Marcus Cooper,2TM,28,DB,6,0,0,2,1,50.00%,0,0,0,0,56.2,12.5,-2,2,0,0,0,0,0,1,0,0.00%,CoopMa00
815,Vontae Davis,BUF,30,DB,1,1,0,3,3,100.00%,34,11.3,11.3,1,153.5,7.3,22,12,0,0,0,0,0,1,0,0.00%,DaviVo99
816,Marquis Flowers,DET,26,LB,5,0,0,0,0,,0,,,0,,,0,0,0,0,0,0,0,2,1,33.30%,FlowMa00
817,C.J. Goodwin,DAL,28,DB,3,0,0,1,1,100.00%,27,27,27,0,118.7,17,17,10,0,0,0,0,0,1,0,0.00%,GoodC.00
818,Marquis Haynes,CAR,25,LB,4,0,0,0,0,,0,,,0,,,0,0,0,1,0,0,1,4,1,20.00%,HaynMa01
819,Jeff Holland,DEN,23,LB,3,0,0,0,0,,0,,,0,,,0,0,6,0,0,0,0,6,0,0.00%,HollJe01
820,Davon House,GNB,29,DB,3,0,0,5,4,80.00%,88,22,17.6,1,158.3,15.6,68,20,0,0,0,0,0,2,0,0.00%,HousDa00
821,Isaiah Johnson,LAR,26,DB,2,0,0,0,0,,0,,,0,,,0,0,1,0,0,0,0,1,1,50.00%,JohnIs01
822,Kevin Johnson,HOU,26,DB,1,1,0,5,4,80.00%,40,10,8,2,139.6,5,18,22,0,0,0,0,0,4,3,42.90%,JohnKe04
823,Tony Lippett,NYG,26,WR,3,0,0,5,2,40.00%,62,31,12.4,0,87.1,12.4,39,23,0,0,0,0,0,1,0,0.00%,LippTo00
824,Justin March,DAL,25,LB,16,0,0,0,0,,0,,,0,,,0,0,1,0,0,0,0,4,0,0.00%,MarcJu00
825,Damontre Moore,OAK,26,DE,2,0,0,1,1,100.00%,1,1,1,1,118.7,1,1,0,1,0,1,0,1,1,0,0.00%,MoorDa01
826,Keanu Neal,ATL,23,DB,1,1,0,2,1,50.00%,7,7,3.5,0,58.3,23,5,2,0,0,0,0,0,2,0,0.00%,NealKe01
827,Will Redmond,GNB,25,DB,5,0,0,0,0,,0,,,0,,,0,0,3,0,0,0,0,1,0,0.00%,RedmWi00
828,Andre Smith,CAR,21,LB,3,0,0,1,1,100.00%,6,6,6,0,91.7,3,3,3,0,0,0,0,0,3,1,25.00%,SmitAn04
829,Josh Sweat,PHI,21,DE,9,0,0,0,0,,0,,,0,,,0,0,0,0,1,0,1,1,0,0.00%,SweaJo00
830,Ahmad Thomas,IND,24,DB,2,1,0,0,0,,0,,,0,,,0,0,0,1,0,0,1,1,0,0.00%,ThomAh00
831,Kayvon Webster,HOU,27,DB,2,2,0,1,0,0.00%,0,,0,0,39.6,15,0,0,0,0,0,0,0,1,0,0.00%,WebsKa00
832,Olasunkanmi Adeniyi,PIT,21,LB,1,0,0,0,0,,0,,,0,,,0,0,1,0,0,0,0,1,0,0.00%,AdenOl00
833,Ryan Delaire,SFO,26,DE,2,0,0,0,0,,0,,,0,,,0,0,0,0,1,0,1,0,0,,DelaRy00
834,Kony Ealy,OAK,27,DE,3,0,0,0,0,,0,,,0,,,0,0,0,1,0,0,1,2,1,33.30%,EalyKo00
835,Dominique Hatfield,LAR,24,DB,10,0,0,1,0,0.00%,0,,0,0,39.6,13,0,0,0,0,0,0,0,1,0,0.00%,HatfDo00
836,Bruce Hector,PHI,24,DT,8,0,0,0,0,,0,,,0,,,0,0,0,0,0,0.5,1,2,0,0.00%,HectBr00
837,DeAndre Hopkins*+,HOU,26,WR,16,16,0,1,0,0.00%,0,,0,0,39.6,53,0,0,0,0,0,0,0,0,0,,HopkDe00
838,John Jenkins,NYG,29,DT,7,0,0,0,0,,0,,,0,,,0,0,0,0,1,0,1,0,0,,JenkJo00
839,Datone Jones,DAL,28,DE,1,0,0,0,0,,0,,,0,,,0,0,0,0,1,0,1,0,0,,JoneDa03
840,Bronson Kaufusi,NYJ,27,LB,3,0,0,0,0,,0,,,0,,,0,0,0,0,1,0,1,0,1,100.00%,KaufBr01
841,Mike Love,BUF,24,DE,3,0,0,0,0,,0,,,0,,,0,0,0,1,0,0,1,5,0,0.00%,LoveMi00
842,Jamiyus Pittman,MIA,24,DT,3,0,0,0,0,,0,,,0,,,0,0,0,1,0,0,1,2,0,0.00%,PittJa00
843,Gabe Wright,OAK,26,DT,2,0,0,0,0,,0,,,0,,,0,0,0,1,0,0,1,1,0,0.00%,WrigGa00