Rk,Player,Tm,Age,Pos,G,GS,Int,Yds,TD,Lng,PD,FF,Fmb,FR,Yds,TD,Sk,Comb,Solo,Ast,TFL,QBHits,Sfty,-9999
1,Zach Cunningham,HOU,26,LILB,16,16,0,0,0,0,2,1,0,0,0,0,3,164,106,58,7,4,,CunnZa00
2,Roquan Smith,CHI,23,LILB,16,16,2,16,0,11,7,1,1,1,0,0,4,139,98,41,18,6,,SmitRo07
3,Devin White,TAM,22,LILB,15,15,0,0,0,0,4,1,0,1,2,0,9,140,97,43,15,16,,WhitDe02
4,Neville Hewitt,NYJ,27,RILB,16,16,0,0,0,0,4,1,0,1,17,0,2,134,91,43,6,4,,HewiNe00
5,Jordan Poyer,BUF,29,SS,16,16,2,14,0,14,5,2,0,0,0,0,2,124,91,33,4,4,,PoyeJo00
6,Budda Baker*+,ARI,24,SS,15,15,2,90,0,90,6,1,0,0,0,0,2,118,90,28,7,3,,BakeBu00
7,Jaylon Smith,DAL,25,RLB,16,16,1,43,0,43,5,0,0,2,21,0,1.5,154,89,65,5,4,,SmitJa05
8,Malcolm Butler,TEN,30,RCB,16,16,4,111,0,68,14,,,,,0,0,100,86,14,1,0,,ButlMa01
9,Shaquille Leonard*+,IND,25,LLB,14,14,0,0,0,0,7,3,1,2,3,0,3,132,86,46,7,3,,LeonDa00
10,Blake Martinez,NYG,26,LILB,16,16,1,2,0,2,5,2,0,1,0,0,3,151,86,65,9,6,,MartBl01
11,Joe Schobert,JAX,27,MLB,16,16,3,45,1,43,4,2,0,0,0,0,2.5,141,84,57,6,6,,SchoJo00
12,Lavonte David,TAM,30,RILB,16,16,1,-5,0,-5,6,3,0,2,0,0,1.5,117,82,35,12,3,,DaviLa00
13,Bobby Wagner*+,SEA,30,RILB,16,16,0,0,0,0,8,0,0,1,0,0,3,138,81,57,7,11,,WagnBo00
14,Kevin Byard,TEN,27,FS,16,16,1,0,0,0,7,1,0,0,0,0,0,111,79,32,1,1,,ByarKe01
15,Fred Warner*+,SFO,24,MLB,16,16,2,3,0,3,6,1,0,2,0,0,1,125,79,46,5,7,,WarnFr00
16,Jessie Bates III,CIN,23,FS,16,16,3,12,0,12,15,1,0,0,0,0,0,109,78,31,2,1,,BateJe00
17,Jordan Hicks,ARI,28,RILB,16,16,1,6,0,6,4,,,,,0,0,118,78,40,11,1,,HickJo00
18,Foyesade Oluokun,ATL,25,MLB,15,14,2,65,0,51,4,4,1,1,0,0,3,117,78,39,4,9,,OluoFo00
19,Tremaine Edmunds*,BUF,22,MLB,15,15,0,0,0,0,3,,,,,0,2,119,77,42,4,3,,EdmuTr01
20,Justin Simmons*,DEN,27,FS,16,16,5,90,0,46,9,0,0,1,18,0,0,96,77,19,3,0,,SimmJu00
21,Tyrell Adams,HOU,28,RILB,16,12,0,0,0,0,4,2,0,1,0,0,2,125,76,49,5,3,,AdamTy00
22,Keanu Neal,ATL,25,FS,15,14,1,0,0,0,2,0,0,1,0,0,1,100,76,24,9,3,,NealKe01
23,Adrian Phillips,NWE,28,SS,16,16,2,5,0,5,4,,,,,0,1,109,76,33,7,1,,PhilAd00
24,Alex Singleton,PHI,27,LLB,16,11,1,30,1,30,1,0,0,2,1,0,2,120,75,45,5,7,,SingAl00
25,Demario Davis,NOR,31,MLB,16,16,0,0,0,0,5,,,,,0,4,119,73,46,10,12,,DaviDe00
26,John Johnson,LAR,25,FS,16,16,1,0,0,0,8,,,,,0,0,105,73,32,2,0,,JohnJo10
27,Deion Jones,ATL,26,LLB,16,16,2,84,1,67,6,1,0,1,0,0,4.5,106,73,33,9,10,,JoneDe01
28,Avery Williamson,2TM,28,LB/LILB,15,10,1,21,0,21,3,,,,,0,1,111,73,38,3,2,,WillAv00
29,Myles Jack,JAX,25,LLB,14,14,1,0,0,0,5,1,0,2,16,0,1,118,72,46,6,2,,JackMy00
30,Alexander Johnson,DEN,29,LILB,16,16,0,0,0,0,2,2,0,0,0,0,1,124,72,52,4,5,,JohnAl01
31,Jerome Baker,MIA,24,RILB,16,11,0,0,0,0,3,2,0,0,0,0,7,112,70,42,7,11,,BakeJe00
32,Marlon Humphrey*,BAL,24,LCB,15,15,1,8,0,8,11,8,0,0,0,0,2.5,82,70,12,4,4,1,HumpMa00
33,Taron Johnson,BUF,24,DB,16,11,1,51,1,51,7,1,0,0,0,0,1,94,70,24,5,3,,JohnTa01
34,De'Vondre Campbell,ARI,27,LILB,16,16,0,0,0,0,3,1,0,0,0,0,2,99,69,30,7,2,,CampDe00
35,Malcolm Jenkins,NOR,33,SS,16,16,3,58,0,48,10,1,0,1,0,0,2.5,91,69,22,7,6,,JenkMa99
36,Eric Kendricks,MIN,28,MLB,11,11,3,0,0,0,6,,,,,0,0,107,69,38,4,1,,KendEr00
37,Jeremy Chinn,CAR,22,RLB,15,15,1,0,0,0,5,2,0,2,45,2,1,117,68,49,2,5,,ChinJe00
38,Kenny Moore,IND,25,LCB,16,14,4,45,1,29,13,1,0,0,0,0,2,80,68,12,4,3,,MoorKe03
39,Kenneth Murray,LAC,22,RLB,16,16,0,0,0,0,3,,,,,0,1,107,68,39,5,1,,MurrKe00
40,Logan Ryan,NYG,29,FS,16,15,1,15,0,15,9,3,0,2,0,0,1,94,68,26,1,4,,RyanLo00
41,Daniel Sorensen,KAN,30,SS/FS,15,11,3,67,1,50,5,2,0,0,0,0,0,91,68,23,2,4,,SoreDa01
42,Vonn Bell,CIN,26,SS,16,16,0,0,0,0,5,3,0,2,65,0,0,114,67,47,3,4,,BellVo00
43,Kareem Jackson,DEN,32,SS,16,16,1,13,0,13,4,0,0,2,2,0,0,89,67,22,1,0,,JackKa99
44,Josey Jewell,DEN,26,RILB,16,16,0,0,0,0,4,,,,,0,2,113,67,46,5,5,,JeweJo00
45,Danny Trevathan,CHI,30,RILB,16,16,0,0,0,0,5,1,0,0,0,0,1,113,67,46,3,2,,TrevDa00
46,Patrick Queen,BAL,21,LILB,16,16,1,0,0,0,2,2,0,2,53,1,3,106,66,40,9,10,,QueePa00
47,Eric Rowe,MIA,28,FS,16,14,2,26,0,22,11,0,0,1,0,0,0,91,66,25,1,2,,RoweEr00
48,Adrian Amos,GNB,27,SS,16,16,2,47,0,24,9,,,,,0,2,83,65,18,4,3,,AmosAd00
49,Anthony Walker,IND,25,MLB,16,16,1,11,0,11,5,0,0,1,0,0,0,92,65,27,2,1,,WalkAn01
50,Khari Willis,IND,24,SS,14,14,2,93,1,50,6,1,0,0,0,0,2,85,65,20,3,4,,WillKh00
51,Tre Herndon,JAX,24,LCB,16,12,0,0,0,0,5,,,,,0,1,76,64,12,4,2,,HernTr00
52,Shaq Thompson,CAR,26,LLB,16,15,0,0,0,0,5,2,0,1,0,0,0,114,64,50,6,2,,ThomSh01
53,Tracy Walker,DET,25,SS,15,7,0,0,0,0,4,,,,,0,1,87,64,23,5,2,,WalkTr01
54,Antoine Winfield Jr.,TAM,22,SS,16,16,1,16,0,16,6,2,0,1,0,0,3,94,64,30,1,4,,WinfAn00
55,Kamren Curl,WAS,21,SS,16,11,3,88,1,76,4,,,,,0,2,88,63,25,4,5,,CurlKa00
56,Jeff Gladney,MIN,24,RCB,16,15,0,0,0,0,3,1,,,,,0,81,63,18,7,1,,GladJe00
57,Eddie Jackson,CHI,27,FS,16,16,0,0,0,0,5,3,0,1,8,1,0,82,63,19,1,0,,JackEd01
58,Nicholas Morrow,LVR,25,LLB,14,11,1,6,0,6,9,1,0,1,0,0,3,78,62,16,8,6,,MorrNi00
59,Justin Reid,HOU,23,SS,13,13,0,0,0,0,4,,,,,0,2,83,62,21,6,4,,ReidJu00
60,Kenny Vaccaro,TEN,29,SS,13,13,0,0,0,0,5,0,0,1,53,0,1,83,62,21,6,1,,VaccKe00
61,Eric Wilson,MIN,26,RLB,16,15,3,23,0,16,8,1,0,2,7,0,3,122,62,60,8,9,,WilsEr00
62,Jonathan Bostic,WAS,29,MLB,16,15,1,0,0,0,3,,,,,0,3,118,61,57,6,6,,BostJo00
63,Tre Boston,CAR,28,FS,16,16,1,0,0,0,4,1,0,2,0,0,1,95,61,34,3,2,,BostTr00
64,Dre Greenlaw,SFO,23,RLB/LLB,13,11,0,0,0,0,1,,,,,0,1,86,61,25,7,2,,GreeDr00
65,Vernon Hargreaves III,HOU,25,RCB,16,16,1,0,0,0,7,,,,,0,0,72,61,11,1,0,,HargVe00
66,AJ Terrell,ATL,22,LCB,14,14,1,0,0,0,7,3,0,0,0,0,0,74,61,13,3,1,,TerrAJ00
67,Johnathan Abram,LVR,24,SS,13,13,2,29,0,24,6,0,0,1,0,0,0,86,60,26,3,4,,AbraJo01
68,Minkah Fitzpatrick*+,PIT,24,FS,16,16,4,77,1,37,11,1,0,1,-1,0,0,79,60,19,1,0,,FitzMi00
69,Jonathan Jones,NWE,27,DB,16,7,2,0,0,0,6,1,0,0,0,0,0,74,60,14,0,1,,JoneJo03
70,K.J. Wright,SEA,31,ROLB,16,16,1,7,0,7,10,1,0,2,0,0,2,86,60,26,11,3,,WrigK.00
71,Jamal Adams*,SEA,25,SS,12,12,0,0,0,0,3,1,0,0,0,0,9.5,83,59,24,11,14,,AdamJa00
72,Rashaan Evans,TEN,25,LILB,16,16,0,0,0,0,5,0,0,1,25,0,0.5,96,59,37,1,4,,EvanRa01
73,B.J. Goodson,CLE,27,MLB,14,14,2,7,0,7,6,0,0,1,0,0,0.5,91,59,32,2,3,,GoodB.00
74,Josh Jones,JAX,26,SS,13,13,1,0,0,0,1,,,,,0,0,83,59,24,0,0,,JoneJo06
75,Jalen Mills,PHI,26,FS,15,15,1,5,0,5,3,1,0,0,0,0,1.5,74,59,15,4,5,,MillJa02
76,Nasir Adderley,LAC,23,FS,15,14,1,39,0,39,3,0,0,1,1,0,0,69,58,11,0,1,,AddeNa00
77,Anthony Harris,MIN,29,FS,16,16,0,0,0,0,7,,,,,,0,104,58,46,2,0,,HarrAn01
78,Rayshawn Jenkins,LAC,26,SS,15,15,2,23,0,23,4,,,,,0,1,84,58,26,4,1,,JenkRa00
79,Chuck Clark,BAL,25,SS,16,16,1,0,0,0,4,2,1,3,66,1,1.5,96,57,39,3,4,,ClarCh00
80,Bobby Okereke,IND,24,RLB,14,8,1,7,0,7,6,0,0,2,11,0,0,72,57,15,4,1,,OkerBo00
81,Jabrill Peppers,NYG,25,SS,15,14,1,6,0,6,11,1,0,1,0,0,2.5,91,57,34,8,3,,PeppJa00
82,Lonnie Johnson Jr.,HOU,25,DB,16,5,,,0,,,,,,,,0,76,56,20,1,3,,JohnLo01
83,Cory Littleton,LVR,27,RLB,14,14,,,0,,,,,,,,0,82,56,26,4,0,,LittCo01
84,Trayvon Mullen,LVR,23,LCB/RCB,16,16,2,0,0,0,14,,,,,0,0,64,56,8,2,0,,MullTr00
85,Darnell Savage Jr.,GNB,23,FS,15,15,4,13,0,9,12,0,0,1,0,0,1,75,56,19,3,2,,SavaDa00
86,Jamie Collins,DET,31,RLB/MLB,14,14,1,1,0,1,6,3,0,1,0,0,1,101,55,46,6,3,,CollJa00
87,Troy Hill,LAR,29,LCB,16,16,3,119,2,84,10,1,0,2,20,1,0,77,55,22,1,0,,HillTr01
88,Michael Ojemudia,DEN,23,LCB,16,11,0,0,0,0,6,4,,,,,0,62,55,7,1,0,,OjemMi00
89,Germaine Pratt,CIN,24,MLB,16,15,0,0,0,0,2,,,,,,0,89,55,34,5,0,,PratGe00
90,Duron Harmon,DET,29,FS,16,16,2,22,0,21,5,,,,,0,0,73,54,19,0,1,,HarmDu00
91,Terrance Mitchell,CLE,28,RCB,16,16,0,0,0,0,13,3,,,,,0,65,54,11,2,0,,MitcTe00
92,Harrison Smith,MIN,31,SS,16,16,5,33,0,16,10,,,,,0,0.5,89,54,35,2,5,,SmitHa00
93,Josh Bynes,CIN,31,LLB,16,16,0,0,0,0,2,0,0,1,0,0,1,99,53,46,5,2,,ByneJo00
94,Shaquill Griffin,SEA,25,LCB,12,12,3,20,0,16,12,,,,,0,0,63,53,10,2,0,,GrifSh00
95,Lamarcus Joyner,LVR,30,LLB,14,6,0,0,0,0,5,,,,,,0,66,53,13,6,0,,JoynLa00
96,Dre Kirkpatrick,ARI,31,RCB,14,11,3,13,0,13,7,,,,,0,0,56,53,3,0,0,,KirkDr00
97,A.J. Klein,BUF,29,LLB,16,11,0,0,0,0,4,2,0,1,0,0,5,75,53,22,5,9,,KleiAJ00
98,Nick Kwiatkoski,LVR,27,MLB,12,12,1,9,0,9,4,1,0,0,0,0,1,81,53,28,3,2,,KwiaNi00
99,Sean Murphy-Bunting,TAM,23,RCB,16,13,1,0,0,0,3,1,0,1,3,0,0,70,53,17,3,1,,BuntSe00
100,Troy Reeder,LAR,26,LILB,16,7,0,0,0,0,2,,,,,0,3,81,53,28,5,4,,ReedTr01
101,Darius Slay,PHI,29,RCB,15,14,1,25,0,25,6,,,,,0,0,59,53,6,2,0,,SlayDa00
102,Jordan Whitehead,TAM,23,FS,16,16,2,2,0,2,4,1,0,1,0,0,2,74,53,21,9,3,,WhitJo03
103,Carlton Davis,TAM,24,LCB,14,14,4,42,0,34,18,,,,,0,0,68,52,16,3,0,,DaviCa02
104,Kyle Fuller,CHI,28,LCB,16,16,1,5,0,5,8,1,0,0,0,0,0,65,52,13,0,0,,FullKy00
105,C.J. Gardner-Johnson,NOR,23,DB,15,13,1,3,0,3,13,,,,,0,1,66,52,14,5,4,,GardCh00
106,Marshon Lattimore*,NOR,24,RCB,14,14,2,13,0,13,11,,,,,0,0,62,52,10,2,0,,LattMa01
107,Marcus Maye,NYJ,27,FS,16,16,2,0,0,0,11,2,0,1,0,0,2,88,52,36,4,2,,MayeMa00
108,Patrick Peterson,ARI,30,LCB,16,16,3,7,0,7,8,,,,,0,0,61,52,9,0,0,,PetePa00
109,Buster Skrine,CHI,31,DB,12,3,0,0,0,0,3,1,,,,,0,66,52,14,1,0,,SkriBu00
110,Jamel Dean,TAM,24,DB,14,7,1,32,1,32,7,,,,,0,0,62,51,11,2,0,,DeanJa00
111,DeShon Elliott,BAL,23,FS,16,16,0,0,0,0,4,2,0,0,0,0,2.5,80,51,29,3,5,,ElliDe02
112,Isaiah Oliver,ATL,24,RCB,16,12,0,0,0,0,6,1,0,0,0,0,1,70,51,19,4,2,,OlivIs00
113,Andrew Sendejo,CLE,33,FS,14,14,0,0,0,0,2,1,,,,,0,67,51,16,0,0,,SendAn00
114,Blessuan Austin,NYJ,24,RCB,11,10,0,0,0,0,4,1,,,,,0,63,50,13,3,1,,AustBl00
115,Ja'Whaun Bentley,NWE,24,LLB,13,13,0,0,0,0,2,,,,,0,1.5,91,50,41,3,3,,BentJa00
116,Rasul Douglas,CAR,26,RCB,14,11,0,0,0,0,9,,,,,,0,62,50,12,1,0,,DougRa00
117,Jason Verrett,SFO,29,LCB,13,13,2,0,0,0,7,,,,,0,0,60,50,10,2,0,,VerrJa00
118,Kyzir White,LAC,24,LLB,11,10,0,0,0,0,3,,,,,0,0.5,77,50,27,4,3,,WhitKy00
119,Krys Barnes,GNB,22,RILB/LIL,13,10,,,0,,,1,0,0,0,0,1,80,49,31,5,1,,BarnKr00
120,Trevon Diggs,DAL,22,RCB,12,11,3,43,0,33,14,1,0,0,0,0,1,58,49,9,1,0,,DiggTr00
121,Malcolm Smith,CLE,31,LB,15,4,1,2,0,2,2,1,0,0,0,0,1,72,49,23,3,1,,SmitMa02
122,Michael Davis,LAC,25,LCB/RCB,16,14,3,86,1,78,14,,,,,0,0,64,48,16,2,0,,DaviMi03
123,Tashaun Gipson,CHI,30,SS,16,16,2,10,0,9,7,0,0,1,0,0,0,66,48,18,0,0,,GipsTa00
124,Micah Hyde,BUF,30,FS,15,15,1,33,0,33,5,0,1,0,0,0,0,70,48,22,1,0,,HydeMi00
125,Tyrann Mathieu*+,KAN,28,SS/RLB,15,15,6,70,1,25,9,0,0,1,-2,0,0,62,48,14,3,2,,MathTy00
126,Donovan Wilson,DAL,25,SS,14,10,2,5,0,5,3,3,0,2,0,0,3.5,71,48,23,2,3,,WilsDo01
127,Xavier Woods,DAL,25,FS,15,15,0,0,0,0,1,,,,,,0,72,48,24,2,1,,WoodXa00
128,Ugo Amadi,SEA,23,DB,14,5,0,0,0,0,7,1,,,,,0,54,47,7,4,0,,AmadUg00
129,Nevin Lawson,LVR,29,RCB,14,9,0,0,0,0,4,2,0,1,0,0,1,61,47,14,1,1,,LawsNe00
130,Julian Love,NYG,22,DB,16,6,1,13,0,13,3,,,,,0,0,64,47,17,1,0,,LoveJu00
131,Eric Murray,HOU,26,FS,14,14,0,0,0,0,2,1,0,0,0,0,2,71,47,24,2,4,,MurrEr00
132,Vince Williams,PIT,31,RILB,14,14,,,0,,,0,0,2,0,0,3,70,47,23,14,4,,WillVi01
133,Terrell Edmunds,PIT,23,SS,15,12,2,11,0,7,8,,,,,0,1,68,46,22,1,1,,EdmuTe00
134,Karl Joseph,CLE,27,SS,14,8,1,49,0,49,4,0,1,2,0,0,0,67,46,21,2,0,,JoseKa00
135,Christian Kirksey,GNB,28,LILB,11,11,2,18,0,10,4,,,,,0,2,77,46,31,2,2,,KirkCh00
136,Harold Landry,TEN,24,ROLB,16,16,1,0,0,0,5,,,,,0,5.5,69,46,23,10,16,,LandHa00
137,Marcus Peters,BAL,27,RCB,14,14,4,17,0,12,9,4,1,2,-3,0,1,52,46,6,1,1,,PeteMa00
138,D.J. Reed,SEA,24,RCB,10,8,2,21,0,20,7,0,1,2,0,0,0,62,46,16,2,0,,ReedD.00
139,Kyle Van Noy,MIA,29,ROLB/RIL,14,13,0,0,0,0,6,2,0,2,28,0,6,69,46,23,10,10,,VanNKy00
140,Damien Wilson,KAN,27,MLB,13,13,0,0,0,0,1,1,,,,,0,73,46,27,3,0,,WilsDa02
141,Jayon Brown,TEN,25,RILB,10,10,1,0,0,0,8,2,0,0,0,0,1,76,45,31,5,2,,BrowJa06
142,Cole Holcomb,WAS,24,LLB,11,10,1,0,0,0,1,,,,,0,2.5,72,45,27,6,4,,HolcCo00
143,Kevin King,GNB,25,RCB,11,11,0,0,0,0,5,1,0,1,48,0,0,57,45,12,0,1,,KingKe01
144,Devin McCourty,NWE,33,FS,16,16,2,62,1,43,6,,,,,0,0,68,45,23,2,0,,McCoDe99
145,Amani Oruwariye,DET,24,RCB,16,15,1,0,0,0,7,,,,,0,0,53,45,8,1,0,,OruwAm00
146,Jimmie Ward,SFO,29,FS,14,14,0,0,0,0,4,2,,,,,0,73,45,28,0,1,,WardJi01
147,Jarrod Wilson,JAX,26,FS,12,12,1,48,0,48,3,,,,,0,0,69,45,24,2,0,,WilsJa00
148,James Bradberry*,NYG,27,LCB,15,15,3,19,0,19,18,2,0,1,0,0,0,54,44,10,0,0,,BradJa00
149,Joe Haden,PIT,31,LCB,14,14,2,38,1,24,12,,,,,0,0,52,44,8,2,0,,HadeJo99
150,Erik Harris,LVR,30,FS,14,12,0,0,0,0,5,1,,,,,0,61,44,17,1,1,,HarrEr00
151,Anthony Hitchens,KAN,28,LLB,14,14,0,0,0,0,1,,,,,,0,78,44,34,2,4,,HitcAn00
152,Jackrabbit Jenkins,NOR,32,LCB,13,13,3,53,1,36,12,,,,,0,0,55,44,11,2,0,,JenkJa03
153,Micah Kiser,LAR,25,LILB,9,9,0,0,0,0,3,1,,,,,0,77,44,33,0,1,,KiseMi00
154,Tre'Davious White*,BUF,25,LCB/RCB,14,14,3,28,0,28,11,1,0,2,-1,0,1.5,57,44,13,2,3,,WhitTr01
155,Shaquil Barrett,TAM,28,ROLB,15,15,0,0,0,0,3,2,0,0,0,0,8,57,43,14,11,16,1,BarrSh00
156,Ronald Darby,WAS,26,RCB/LCB,16,16,0,0,0,0,16,0,0,1,0,0,0,55,43,12,1,0,,DarbRo00
157,Kyle Dugger,NWE,24,DB,14,7,,,0,,,,,,,0,0,64,43,21,1,0,,DuggKy00
158,Rodney McLeod,PHI,30,SS,13,13,1,21,0,21,7,0,0,2,50,1,0,66,43,23,3,0,,McLeRo00
159,Steven Nelson,PIT,27,RCB,15,15,2,3,0,3,9,0,0,1,0,0,0,48,43,5,2,0,,NelsSt01
160,Haason Reddick,ARI,26,LOLB,16,11,0,0,0,0,4,6,0,0,0,0,12.5,63,43,20,15,16,,ReddHa00
161,Isaiah Simmons,ARI,22,LB,16,7,1,12,0,12,2,1,0,1,0,0,2,54,43,11,4,3,,SimmIs00
162,T.J. Watt*+,PIT,26,LOLB,15,15,1,0,0,0,7,2,0,0,0,0,15,53,43,10,23,41,,WattT.00
163,Quandre Diggs*,SEA,27,FS,16,16,5,57,0,32,10,,,,,0,0,64,42,22,0,0,,DiggQu00
164,Jordan Fuller,LAR,22,SS,12,12,3,45,0,37,5,,,,,0,0,60,42,18,0,0,,FullJo01
165,Mike Hilton,PIT,26,DB,12,6,3,5,0,8,7,1,0,2,22,0,3,51,42,9,8,5,,HiltMi01
166,Brandon Jones,MIA,22,S,16,4,0,0,0,0,1,1,0,0,0,0,1,62,41,21,3,1,,JoneBr06
167,Jayron Kearse,DET,26,SS,11,7,0,0,0,0,2,1,,,,,0,59,41,18,0,1,,KearJa00
168,Jeff Okudah,DET,21,RCB,9,6,1,36,0,36,2,,,,,0,0,47,41,6,4,0,,OkudJe00
169,Sione Takitaki,CLE,25,RLB,15,12,1,50,1,50,1,,,,,0,1,67,41,26,2,2,,TakiSi00
170,Jaire Alexander*,GNB,23,LCB,15,15,1,-4,0,-4,13,1,0,0,0,0,1,51,40,11,2,1,1,AlexJa00
171,Xavien Howard*+,MIA,27,RCB,16,16,10,77,0,29,20,1,0,0,0,0,0,51,40,11,1,0,,HowaXa00
172,Desmond King,2TM,26,DB/RCB,15,8,0,0,0,0,2,0,0,1,63,1,2,55,40,15,2,2,,KingDe01
173,Jourdan Lewis,DAL,25,DB,15,13,0,0,0,0,2,0,0,1,0,0,2,59,40,19,7,1,,LewiJo01
174,Byron Murphy,ARI,22,RCB,15,7,0,0,0,0,8,0,0,2,3,0,2,51,40,11,3,2,,MurpBy00
175,Grover Stewart,IND,27,RDT,16,16,0,0,0,0,1,,,,,0,0.5,53,40,13,6,5,,StewGr00
176,Kwon Alexander,2TM,26,LLB,12,12,0,0,0,0,4,2,0,2,20,0,1,57,39,18,3,2,,AlexKw00
177,Pierre Desir,2TM,30,DB,12,8,3,58,1,35,8,1,0,0,0,0,0,49,39,10,2,0,,DesiPi00
178,Bobby McCain,MIA,27,SS,16,15,1,19,0,19,5,,,,,0,0,46,39,7,0,2,,McCaBo01
179,Robert Spillane,PIT,25,LILB,12,7,1,33,1,33,4,0,0,1,0,0,2,45,39,6,4,3,,SpilRo00
180,Marcus Williams,NOR,24,FS,14,14,3,37,0,20,7,,,,,0,0,59,39,20,0,0,,WillMa06
181,Kendall Fuller,WAS,25,LCB/RCB,14,14,4,0,0,0,11,,,,,0,0,50,38,12,1,0,,FullKe00
182,William Jackson III,CIN,28,RCB,14,14,1,30,0,30,11,,,,,0,0,45,38,7,1,0,,JackWi02
183,LeShaun Sims,CIN,27,LCB,13,10,1,0,0,0,4,,,,,0,0,52,38,14,0,0,,SimsLe00
184,Charvarius Ward,KAN,24,LCB,14,13,0,0,0,0,6,,,,,0,1,51,38,13,1,3,,WardCh01
185,Denzel Ward,CLE,23,LCB,12,12,2,0,0,0,18,1,0,0,0,0,0,46,38,8,1,1,,WardDe02
186,DeForest Buckner+,IND,26,LDT,15,14,0,0,0,0,3,2,0,1,0,0,9.5,58,37,21,10,26,1,BuckDe00
187,T.J. Edwards,PHI,24,MLB,12,12,1,13,0,13,1,2,0,0,0,0,2,70,37,33,5,2,,EdwaTJ02
188,Tre Flowers,SEA,25,RCB,12,7,0,0,0,0,2,1,,,,,0,47,37,10,1,0,,FlowTr01
189,Lawrence Guy,NWE,30,LDT,14,14,,,0,,,0,0,1,0,0,2,57,37,20,4,7,,GuyxLa00
190,Harvey Langi,NYJ,28,LILB,14,6,0,0,0,0,1,0,0,1,0,0,0,60,37,23,0,1,,LangHa00
191,Tarvarius Moore,SFO,24,SS,16,8,0,0,0,0,1,1,0,1,3,0,0,52,37,15,1,0,,MoorTa00
192,Nickell Robey-Coleman,PHI,28,LCB,15,7,0,0,0,0,1,1,0,1,0,0,0,44,37,7,2,0,,RobeNi00
193,Kendall Sheffield,ATL,24,LCB,13,9,0,0,0,0,3,1,,,,,0,51,37,14,0,0,,ShefKe00
194,Darious Williams,LAR,27,DB,16,10,4,21,0,19,14,,,,,0,0,44,37,7,1,0,,WillDa09
195,Jonathan Allen,WAS,25,RDT,16,16,,,0,,,0,0,1,0,0,2,63,36,27,3,14,1,AlleJo01
196,Bryce Callahan,DEN,29,RCB,10,10,2,0,0,0,5,0,0,1,0,0,0,42,36,6,1,0,,CallBr00
197,Cameron Dantzler,MIN,22,LCB,11,10,2,0,0,0,4,1,0,1,0,0,0,46,36,10,3,0,,DantCa00
198,Casey Hayward,LAC,31,RCB,14,13,1,9,0,9,8,,,,,0,0,41,36,5,0,0,,HaywCa00
199,Avonte Maddox,PHI,24,LCB,10,8,0,0,0,0,3,,,,,,0,40,36,4,1,0,,MaddAv00
200,Nik Needham,MIA,24,DB,16,6,2,1,0,1,7,,,,,0,1,58,36,22,1,1,,NeedNi00
201,Kevin Pierre-Louis,WAS,29,RLB,13,11,0,0,0,0,2,1,0,0,0,0,1,56,36,20,3,2,,PierKe00
202,Jalen Ramsey*+,LAR,26,RCB,15,15,1,2,0,2,9,,,,,0,0,44,36,8,2,1,,RamsJa00
203,J.J. Watt,HOU,31,LDE,16,16,1,19,1,19,7,2,0,1,0,0,5,52,36,16,14,17,,WattJ.00
204,Rock Ya-Sin,IND,24,LCB,13,8,1,0,0,0,7,1,0,0,0,0,0,45,36,9,0,0,,Ya-SRo00
205,Julian Blackmon,IND,22,FS,15,14,2,19,0,15,6,1,0,0,0,0,0,42,35,7,3,0,,BlacJu01
206,Jordyn Brooks,SEA,23,LB,14,6,0,0,0,0,2,,,,,,0,57,35,22,2,0,,BrooJo01
207,Brian Burns,CAR,22,LDE,15,14,0,0,0,0,4,3,0,0,0,0,9,58,35,23,8,21,,BurnBr00
208,Marcus Epps,PHI,24,DB,14,5,2,0,0,0,4,,,,,0,0,47,35,12,0,0,,EppsMa00
209,Brandon Graham*,PHI,32,RDE,16,16,,,0,,,2,0,1,0,0,8,46,35,11,13,16,,GrahBr99
210,Amani Hooker,TEN,22,DB,16,3,4,11,0,6,8,,,,,0,0,51,35,16,1,0,,HookAm00
211,Sebastian Joseph-Day,LAR,25,NT,16,16,0,0,0,0,3,1,0,0,0,0,1,55,35,20,1,4,,JoseSe00
212,Matt Milano,BUF,26,LLB,10,5,1,0,0,0,3,,,,,0,3.5,45,35,10,4,9,,MilaMa00
213,Xavier Rhodes,IND,30,RCB,16,16,2,44,1,44,12,,,,,0,0,42,35,7,0,0,,RhodXa00
214,Sheldon Richardson,CLE,30,LDT,16,16,0,0,0,0,3,1,0,0,0,0,4.5,64,35,29,5,10,,RichSh00
215,Za'Darius Smith*,GNB,28,ROLB,16,16,0,0,0,0,2,4,0,2,0,0,12.5,52,35,17,12,23,,SmitZa00
216,Andrew Wingard,JAX,24,DB,13,4,2,31,0,19,5,0,0,1,17,0,0,50,35,15,3,0,,WingAn01
217,Chris Banjo,ARI,30,FS,13,4,0,0,0,0,1,,,,,,0,48,34,14,1,1,,BanjCh00
218,Juston Burris,CAR,27,SS,13,12,1,0,0,0,4,,,,,0,0,53,34,19,3,1,,BurrJu00
219,Tae Crowder,NYG,23,RILB,11,6,0,0,0,0,1,0,0,1,43,1,1,57,34,23,3,3,,CrowTa00
220,J.C. Jackson,NWE,25,LCB,16,11,9,80,0,30,14,0,0,3,0,0,0,40,34,6,1,0,,JackJ.00
221,Jaylon Johnson,CHI,21,RCB,13,13,0,0,0,0,15,,,,,,0,44,34,10,1,0,,JohnJa13
222,Cameron Jordan*,NOR,31,LDE,16,16,0,0,0,0,3,1,0,0,0,0,7.5,51,34,17,11,16,,JordCa00
223,DeMarcus Lawrence,DAL,28,DE,16,15,0,0,0,0,2,4,0,1,0,0,6.5,58,34,24,11,10,,LawrDe00
224,Emmanuel Moseley,SFO,24,RCB,12,8,1,51,0,51,9,,,,,0,0,47,34,13,0,0,,MoseEm00
225,Jason Pierre-Paul*,TAM,31,LOLB,16,16,2,15,0,15,6,4,0,2,0,0,9.5,55,34,21,7,14,,PierJa99
226,Brian Poole,NYJ,28,CB,9,7,2,15,0,13,7,,,,,0,1,44,34,10,2,2,,PoolBr01
227,Malik Reed,DEN,24,LOLB,16,13,0,0,0,0,1,1,0,0,0,0,8,53,34,19,8,17,,ReedMa01
228,Darryl Roberts,DET,30,DB,11,5,1,6,0,6,6,,,,,0,0,39,34,5,1,0,,RobeDa00
229,John Simon,NWE,30,RDE,16,16,0,0,0,0,3,,,,,0,2,53,34,19,4,4,,SimoJo01
230,Levi Wallace,BUF,25,RCB/LCB,12,12,2,0,0,0,8,,,,,0,0,48,34,14,1,1,,WallLe00
231,Chris Claybrooks,JAX,23,CB,13,4,0,0,0,0,3,0,1,0,0,0,0,39,33,6,1,0,,ClayCh02
232,Keion Crossen,HOU,24,DB,16,4,0,0,0,0,5,,,,,,0,46,33,13,0,0,,CrosKe00
233,Myles Garrett*+,CLE,25,LDE,14,14,0,0,0,0,2,4,0,2,0,0,12,48,33,15,10,18,,GarrMy00
234,Bryce Hall,NYJ,23,LCB,8,7,1,20,0,20,3,,,,,0,0,36,33,3,1,0,,HallBr02
235,Terez Hall,NWE,24,MLB,8,4,0,0,0,0,2,,,,,,0,50,33,17,0,0,,HallTe01
236,Sam Hubbard,CIN,25,LDE/RDE,13,13,0,0,0,0,3,1,0,0,0,0,2,62,33,29,5,11,,HubbSa00
237,Linval Joseph,LAC,32,RDT,16,16,,,0,,,,,,,,0,62,33,29,3,2,,JoseLi99
238,Jimmy Moreland,WAS,25,DB,16,5,1,32,0,32,1,1,0,0,0,0,0.5,44,33,11,1,2,,MoreJi00
239,Ryan Neal,SEA,25,DB,13,4,2,1,0,1,5,,,,,0,0,44,33,11,3,0,1,NealRy00
240,Elandon Roberts,MIA,26,LILB,13,11,,,0,,,1,0,1,0,0,1.5,61,33,28,8,4,,RobeEl00
241,Bradley Roby,HOU,28,LCB,10,10,1,0,0,0,7,0,0,1,0,0,0,37,33,4,2,0,,RobyBr00
242,Juan Thornhill,KAN,25,FS,16,8,1,20,0,20,3,,,,,0,0,41,33,8,0,1,,ThorJu00
243,Stephon Tuitt,PIT,27,DE,15,15,0,0,0,0,3,2,0,0,0,0,11,45,33,12,10,25,,TuitSt00
244,Chase Winovich,NWE,25,LDE,16,9,1,0,0,0,2,1,0,0,0,0,5.5,48,33,15,6,12,,WinoCh00
245,Mackensie Alexander,CIN,27,RLB,13,10,1,21,0,21,6,,,,,0,0,47,32,15,1,0,,AlexMa01
246,Anthony Brown,DAL,27,LCB,10,8,2,14,0,14,3,0,0,1,29,1,1,39,32,7,1,1,,BrowAn02
247,L.J. Fort,BAL,30,RILB,14,8,0,0,0,0,2,1,0,2,24,1,0,53,32,21,2,1,,FortL.00
248,Nathan Gerry,PHI,25,LLB,7,7,0,0,0,0,2,,,,,0,1,57,32,25,4,2,,GerrNa00
249,Christian Jones,DET,29,LLB,16,13,0,0,0,0,1,,,,,,0,57,32,25,2,1,,JoneCh05
250,Matt Judon*,BAL,28,ROLB,14,13,0,0,0,0,2,,,,,0,6,50,32,18,9,21,1,JudoMa00
251,Romeo Okwara,DET,25,RDE,16,9,0,0,0,0,1,3,0,1,0,0,10,44,32,12,11,18,1,OkwaRo01
252,Taylor Rapp,LAR,23,SS,9,5,1,0,0,0,3,1,0,0,0,0,0,44,32,12,1,0,,RappTa00
253,Chandon Sullivan,GNB,24,DB,16,10,1,7,1,7,6,,,,,0,0,41,32,9,0,0,,SullCh00
254,Jahlani Tavai,DET,24,MLB,16,10,,,0,,,2,0,1,0,0,0,58,32,26,2,1,,TavaJa00
255,Leighton Vander Esch,DAL,24,MLB,10,10,,,0,,,1,0,1,0,0,1,60,32,28,1,1,,VandLe00
256,Quinnen Williams,NYJ,23,RDE,13,13,0,0,0,0,3,2,0,0,0,0,7,55,32,23,10,14,,WillQu00
257,Chase Young*,WAS,21,LDE,15,15,0,0,0,0,4,4,0,3,57,1,7.5,44,32,12,10,12,,YounCh04
258,Leonard Floyd,LAR,28,ROLB,16,16,0,0,0,0,1,1,0,2,0,0,10.5,55,31,24,11,19,,FloyLe00
259,Aldon Smith,DAL,31,RDE,16,16,0,0,0,0,2,0,0,2,78,1,5,48,31,17,5,14,,SmitAl04
260,L'Jarius Sneed,KAN,23,DB,9,6,3,42,0,39,7,,,,,0,2,41,31,10,2,3,,SneeLJ00
261,Mykal Walker,ATL,23,RLB,16,6,0,0,0,0,1,1,,,,,0,45,31,14,1,2,,WalkMy00
262,P.J. Williams,NOR,27,DB,15,3,1,30,0,30,2,0,0,2,0,0,0,40,31,9,0,0,,WillP.00
263,Kenny Young,LAR,26,RILB,16,6,1,79,1,79,2,0,0,1,0,0,1,52,31,21,3,2,,YounKe03
264,Bashaud Breeland,KAN,28,RCB,11,11,2,29,0,29,9,1,0,1,0,0,0,38,30,8,1,0,,BreeBa00
265,Stephon Gilmore*,NWE,30,RCB,11,11,1,15,0,15,3,1,0,0,0,0,0,37,30,7,1,0,,GilmSt00
266,Cameron Heyward*,PIT,31,DT,15,15,1,0,0,0,3,,,,,0,4,54,30,24,7,19,,HeywCa01
267,Akiem Hicks,CHI,31,DE/DT,15,15,0,0,0,0,1,0,0,1,4,0,3.5,49,30,19,7,21,,HickAk00
268,Alex Highsmith,PIT,23,ROLB,16,5,1,2,0,2,1,,,,,0,2,48,30,18,5,6,,HighAl02
269,Kerry Hyder,SFO,29,RDE,16,14,,,0,,,0,0,1,14,0,8.5,49,30,19,10,18,,HydeKe01
270,Dexter Lawrence,NYG,23,LDE,16,15,0,0,0,0,2,,,,,0,4,53,30,23,6,10,,LawrDe03
271,David Long,TEN,24,RILB,14,5,0,0,0,0,2,1,,,,,0,54,30,24,2,0,,LongDa04
272,Jason McCourty,NWE,33,LCB,16,11,0,0,0,0,3,,,,,,0,42,30,12,0,0,,McCoJa99
273,Darius Phillips,CIN,25,LCB,12,8,1,21,0,21,12,2,0,0,0,0,0,38,30,8,2,2,,PhilDa02
274,Reggie Ragland,DET,27,MLB,16,6,0,0,0,0,1,1,0,0,0,0,1,52,30,22,4,3,,RaglRe00
275,Duke Riley,PHI,26,RLB,13,8,1,7,0,7,1,1,0,0,0,0,0.5,55,30,25,2,1,,RileDu00
276,Zach Sieler,MIA,25,LDE,16,8,,,0,,,,,,,0,3.5,48,30,18,11,11,,SielZa00
277,Joe Thomas,DAL,29,LB,15,4,0,0,0,0,2,,,,,,0,48,30,18,3,2,,ThomJo04
278,Darian Thompson,DAL,27,SS,15,7,1,3,0,3,1,1,0,0,0,0,0,43,30,13,0,1,,ThomDa05
279,Arik Armstead,SFO,27,LDE,16,16,0,0,0,0,3,,,,,0,3.5,49,29,20,6,13,,ArmsAr01
280,Chidobe Awuzie,DAL,25,DB,8,6,1,0,0,0,5,0,0,1,0,0,0,38,29,9,0,0,,AwuzCh00
281,Joey Bosa*,LAC,25,LDE,12,10,0,0,0,0,1,0,0,1,0,0,7.5,39,29,10,15,27,,BosaJo00
282,Willie Gay Jr.,KAN,22,RLB,16,8,0,0,0,0,3,1,0,0,0,0,1,39,29,10,3,1,,GayJWi00
283,DaQuan Jones,TEN,29,NT,16,16,,,0,,,1,0,0,0,0,2,49,29,20,4,6,,JoneDa04
284,Khalil Mack*,CHI,29,LOLB,16,16,1,33,0,33,3,3,0,2,0,0,9,50,29,21,11,13,1,MackKh00
285,Ben Niemann,KAN,25,LB,15,5,,,0,,,1,0,2,0,0,1,44,29,15,3,3,,NiemBe00
286,Preston Smith,GNB,28,LOLB,16,13,0,0,0,0,3,0,0,1,14,1,4,42,29,13,7,11,,SmitPr00
287,Tavierre Thomas,CLE,24,DB,16,3,,,0,,,1,0,1,0,0,1,30,29,1,2,1,,ThomTa01
288,Andrew Van Ginkel,MIA,25,LOLB,16,11,0,0,0,0,4,3,0,1,78,1,5.5,48,29,19,7,10,,VanGAn00
289,Nick Vigil,LAC,27,LB,15,2,0,0,0,0,1,1,0,2,44,0,2,50,29,21,3,0,,VigiNi00
290,Leonard Williams,NYG,26,DT,16,12,0,0,0,0,1,0,0,1,0,0,11.5,57,29,28,14,30,,WillLe02
291,Isaac Yiadom,NYG,24,RCB,16,10,0,0,0,0,5,1,0,0,0,0,0.5,46,29,17,0,1,,YiadIs00
292,Kenny Clark,GNB,25,NT,13,13,,,0,,,,,,,0,2,42,28,14,3,6,,ClarKe01
293,Fletcher Cox*,PHI,30,RDT,15,15,0,0,0,0,1,1,0,0,0,0,6.5,41,28,13,9,9,,CoxxFl00
294,Darqueze Dennard,ATL,29,CB,8,6,1,0,0,0,5,,,,,0,0,36,28,8,2,0,,DennDa00
295,Quinton Dunbar,SEA,28,RCB,6,6,1,0,0,0,5,,,,,0,0,30,28,2,2,0,,DunbQu00
296,Corn Elder,CAR,26,DB,16,1,0,0,0,0,3,1,,,,,0,40,28,12,1,0,,EldeCo00
297,Raven Greene,GNB,25,DB,10,0,1,17,0,17,5,1,0,0,0,0,1.5,44,28,16,1,3,,GreeRa02
298,Jeff Heath,LVR,29,FS,13,5,3,89,0,47,4,,,,,0,0,37,28,9,1,1,,HeatJe00
299,Byron Jones,MIA,28,LCB,14,14,2,15,0,15,4,1,1,0,0,0,0,37,28,9,0,0,,JoneBy00
300,Johnathan Joseph,2TM,36,DB/LCB,11,6,1,5,0,5,6,1,0,0,0,0,0,32,28,4,2,0,,JoseJo20
301,Montez Sweat,WAS,24,RDE,16,16,1,15,1,15,6,2,0,0,0,0,9,45,28,17,12,20,,SweaMo00
302,Christian Wilkins,MIA,25,LDE,14,12,1,8,0,8,5,0,0,1,0,0,1.5,47,28,19,4,3,,WilkCh00
303,Aaron Donald*+,LAR,29,DT,16,16,0,0,0,0,1,4,0,1,0,0,13.5,45,27,18,14,28,,DonaAa00
304,Rashad Fenton,KAN,23,DB,16,3,1,31,0,31,7,,,,,0,0,35,27,8,1,0,,FentRa00
305,Johnathan Hankins,LVR,28,LDT,16,16,,,0,,,0,0,1,0,0,1,48,27,21,1,4,,HankJo00
306,Marcell Harris,SFO,26,DB,16,4,0,0,0,0,3,2,0,2,0,0,0,37,27,10,0,0,,HarrMa03
307,C.J. Henderson,JAX,22,LCB,8,8,1,22,0,22,6,1,0,0,0,0,0,36,27,9,0,0,,HendCJ00
308,Grady Jarrett*,ATL,27,LDT,16,16,,,0,,,0,0,1,0,0,4,52,27,25,8,21,,JarrGr00
309,Will Parks,2TM,26,DB,10,3,,,0,,,,,,,0,1,31,27,4,3,1,,ParkWi01
310,Daron Payne,WAS,23,LDT,16,16,1,0,0,0,4,3,0,1,0,0,3,54,27,27,7,8,,PaynDa00
311,Troy Pride Jr.,CAR,22,RCB,14,8,0,0,0,0,2,,,,,,0,42,27,15,1,0,,PridTr00
312,Ndamukong Suh,TAM,33,LDE,16,16,0,0,0,0,2,1,0,0,0,0,6,44,27,17,9,19,,SuhxNd99
313,Ty Summers,GNB,25,LB,16,1,0,0,0,0,1,,,,,,0,39,27,12,0,0,,SummTy00
314,Cameron Sutton,PIT,25,DB,16,6,1,0,0,0,8,3,0,1,0,0,1,30,27,3,1,0,,SuttCa00
315,Tahir Whitehead,CAR,30,MLB,14,9,1,0,0,0,1,0,0,1,10,0,0,51,27,24,0,1,,WhitTa00
316,Deatrich Wise Jr.,NWE,26,LDE,16,7,,,0,,,0,0,1,0,1,2.5,49,27,22,2,11,,WiseDe00
317,Bradley Chubb*,DEN,24,ROLB,14,14,,,0,,,1,0,0,0,0,7.5,42,26,16,9,19,,ChubBr00
318,Will Harris,DET,25,SS,16,5,0,0,0,0,1,,,,,,0,35,26,9,0,0,,HarrWi02
319,Malik Harrison,BAL,22,RILB,16,6,0,0,0,0,1,,,,,,0,44,26,18,1,0,,HarrMa06
320,Lamar Jackson,NYJ,22,DB,13,6,0,0,0,0,2,,,,,,0,28,26,2,1,0,,JackLa02
321,Dre'Mont Jones,DEN,23,RDE,13,8,0,0,0,0,2,,,,,0,6.5,41,26,15,7,11,,JoneDr00
322,Pernell McPhee,BAL,32,LOLB,15,13,0,0,0,0,1,,,,,0,3,34,26,8,3,15,,McPhPe00
323,Troy Apke,WAS,25,FS,16,7,0,0,0,0,2,,,,,,0,35,25,10,0,0,,ApkeTr00
324,T.J. Carrie,IND,30,DB,15,2,2,47,1,47,8,0,1,1,25,0,0,32,25,7,1,0,,CarrTr00
325,Ashtyn Davis,NYJ,24,SS,10,6,0,0,0,0,1,0,0,1,0,0,0,36,25,11,1,0,,DaviAs00
326,Jarrad Davis,DET,26,LB,14,4,,,0,,,2,0,0,0,0,0.5,46,25,21,1,4,,DaviJa01
327,Devante Downs,NYG,25,LB,16,8,0,0,0,0,1,0,1,1,0,0,0,33,25,8,0,1,,DownDe00
328,Poona Ford,SEA,25,NT,16,16,,,0,,,1,0,0,0,0,2,40,25,15,8,9,,FordPo00
329,Chris Harris Jr.,LAC,31,DB,9,9,1,51,0,51,2,,,,,0,0.5,37,25,12,1,1,,HarrCh01
330,Emmanuel Ogbah,MIA,27,RDE,16,12,0,0,0,0,5,3,0,1,0,0,9,42,25,17,6,21,,OgbaEm00
331,Denzel Perryman,LAC,28,DB,13,6,0,0,0,0,1,1,0,0,0,0,1,48,25,23,3,2,,PerrDe00
332,Dalvin Tomlinson,NYG,26,NT,16,16,0,0,0,0,4,,,,,0,3.5,49,25,24,8,10,,TomlDa00
333,Jeremiah Attaochu,DEN,27,OLB,13,5,,,0,,,1,0,0,0,0,5,31,24,7,6,9,,AttaJe00
334,Cody Barton,SEA,24,LB,16,2,,,0,,,2,,,,,0,35,24,11,0,0,,BartCo00
335,Kris Boyd,MIN,24,DB,10,5,0,0,0,0,2,1,,,,,0,34,24,10,1,0,,BoydKr00
336,Landon Collins,WAS,26,SS,7,7,1,1,0,1,1,1,0,0,0,0,2,41,24,17,3,1,,CollLa00
337,William Gholston,TAM,29,RDE,16,12,0,0,0,0,2,0,0,1,1,0,3,44,24,20,8,20,,GholWi00
338,Ronnie Harrison,CLE,23,SS,11,7,1,47,1,47,7,0,0,1,0,0,1,38,24,14,0,1,,HarrRo02
339,Jeffery Simmons,TEN,23,DT,15,15,0,0,0,0,5,1,0,3,0,0,3,49,24,25,3,14,,SimmJe01
340,Josh Sweat,PHI,23,DE,14,3,0,0,0,0,2,3,0,0,0,0,6,38,24,14,9,12,,SweaJo00
341,Jacob Tuioti-Mariner,ATL,24,DT,16,0,0,0,0,0,2,1,0,3,1,0,1,31,24,7,1,5,,TuioJa00
342,Olivier Vernon,CLE,30,RDE,14,13,0,0,0,0,3,1,0,1,0,0,9,36,24,12,12,16,1,VernOl00
343,Mack Wilson,CLE,22,LLB,13,8,0,0,0,0,2,,,,,,0,39,24,15,1,0,,WilsMa03
344,Bud Dupree,PIT,27,ROLB,11,11,0,0,0,0,2,2,0,0,0,0,8,31,23,8,8,15,,DuprAl00
345,Deshazor Everett,WAS,28,FS,11,6,0,0,0,0,4,1,,,,,0,31,23,8,0,0,,EverDe01
346,Kyler Fackrell,NYG,29,ROLB/LOL,12,9,1,46,1,46,2,1,0,0,0,0,4,34,23,11,7,10,,FackKy00
347,Darnay Holmes,NYG,22,DB,12,5,1,0,0,0,5,0,0,1,0,0,0.5,30,23,7,0,2,,HolmDa01
348,Chris Jones*,KAN,26,LDT,15,14,0,0,0,0,4,2,0,0,0,0,7.5,36,23,13,3,28,1,JoneCh09
349,Arthur Maulet,NYJ,27,SS,11,5,1,20,0,20,5,,,,,0,1,29,23,6,0,1,,MaulAr00
350,Bradley McDougald,NYJ,30,SS,7,7,0,0,0,0,3,0,0,1,-2,0,0,36,23,13,0,0,,McDoBr01
351,Barkevious Mingo,CHI,30,LB,16,3,0,0,0,0,2,,,,,0,2.5,35,23,12,3,5,,MingBa00
352,Yannick Ngakoue,2TM,25,LB/LDE,15,8,0,0,0,0,1,4,0,0,0,0,8,23,23,0,7,11,,NgakYa00
353,Derrick Nnadi,KAN,24,RDT,15,15,,,0,,,,,,,,0,47,23,24,0,1,,NnadDe00
354,Larry Ogunjobi,CLE,26,RDT,15,15,,,0,,,1,0,0,0,0,2.5,46,23,23,5,6,,OgunLa00
355,Ed Oliver,BUF,23,RDT,16,16,0,0,0,0,3,1,0,0,0,0,3,33,23,10,6,6,,OlivEd00
356,Jimmy Smith,BAL,32,DB,11,5,0,0,0,0,1,0,0,1,4,0,1,27,23,4,2,1,,SmitJi03
357,Logan Wilson,CIN,24,LB,12,2,2,0,0,0,3,,,,,0,1,33,23,10,4,2,,WilsLo00
358,Tavon Wilson,IND,30,DB,15,2,0,0,0,0,1,0,0,1,0,0,0,26,23,3,2,0,,WilsTa00
359,Azeez Al-Shaair,SFO,23,LLB,16,5,1,0,0,0,2,1,0,0,0,0,0,35,22,13,1,1,,AlShAz00
360,Alex Anzalone,NOR,26,MLB,16,9,,,0,,,,,,,,0,41,22,19,3,0,,AnzaAl00
361,Anthony Averett,BAL,26,DB,10,4,0,0,0,0,7,,,,,,0,27,22,5,0,0,,AverAn00
362,Breon Borders,TEN,25,LCB,6,5,1,0,0,0,5,,,,,0,0,27,22,5,1,0,,BordBr00
363,Justin Coleman,DET,27,DB,11,5,0,0,0,0,1,,,,,,0,30,22,8,3,0,,ColeJu01
364,Folorunso Fatukasi,NYJ,25,NT,15,8,0,0,0,0,2,1,0,1,2,0,2,42,22,20,6,5,,FatuFo00
365,Trey Hendrickson,NOR,26,RDE,15,15,0,0,0,0,1,1,0,0,0,0,13.5,25,22,3,12,25,,HendTr00
366,Donte Jackson,CAR,25,LCB,14,13,3,110,0,66,11,,,,,0,0,34,22,12,1,0,,JackDo02
367,Jaleel Johnson,MIN,26,RDT,16,16,,,0,,,,,,,0,1.5,44,22,22,3,2,,JohnJa09
368,Kevin Johnson,CLE,28,RCB,13,6,0,0,0,0,3,1,0,1,0,0,0.5,35,22,13,0,3,,JohnKe04
369,Mario Addison,BUF,33,RDE,15,7,0,0,0,0,4,,,,,0,5,30,21,9,7,8,,AddiMa00
370,Dorance Armstrong Jr.,DAL,23,DE,16,2,0,0,0,0,2,1,0,1,0,0,0,33,21,12,1,1,,ArmsDo00
371,Damon Arnette,LVR,24,CB,9,7,0,0,0,0,2,,,,,,0,25,21,4,1,0,,ArneDa00
372,Derek Barnett,PHI,24,LDE,13,10,,,0,,,,,,,0,5.5,34,21,13,6,16,,BarnDe01
373,Essang Bassey,DEN,22,CB,12,3,1,26,0,26,2,0,0,1,0,0,0,23,21,2,3,0,,BassEs01
374,De'Vante Bausby,2TM,27,DB,11,3,0,0,0,0,5,,,,,,0,21,21,0,0,0,,BausDe00
375,A.J. Bouye,DEN,29,LCB,7,7,0,0,0,0,6,,,,,,0,23,21,2,0,0,,BouyA.00
376,Michael Brockers,LAR,30,DE,15,15,,,0,,,,,,,0,5,51,21,30,5,10,,BrocMi00
377,Derrick Brown,CAR,22,RDT/LDT,16,15,0,0,0,0,4,,,,,0,2,34,21,13,8,12,,BrowDe05
378,Jermaine Carter Jr.,CAR,25,MLB,16,7,0,0,0,0,1,0,0,1,19,0,0,46,21,25,2,0,,CartJe00
379,Frank Clark*,KAN,27,RDE,15,15,0,0,0,0,2,0,0,1,14,0,6,29,21,8,8,15,,ClarFr01
380,Jaylon Ferguson,BAL,25,DE,14,1,0,0,0,0,1,0,0,1,0,0,2,30,21,9,7,5,,FergJa02
381,Morgan Fox,LAR,26,DL,16,2,0,0,0,0,2,1,0,1,0,0,6,27,21,6,8,9,,FoxxMo00
382,Kamu Grugier-Hill,MIA,26,LB,15,1,,,0,,,0,0,1,0,0,1,28,21,7,1,2,,GrugKa00
383,Josh Jackson,GNB,24,RCB,12,5,0,0,0,0,2,,,,,0,0,26,21,5,1,0,,JackJo01
384,Sidney Jones,JAX,24,RCB,9,6,2,1,0,1,9,1,0,0,0,0,0,26,21,5,0,0,,JoneSi00
385,Steven Means,ATL,30,LDE,16,11,,,0,,,2,0,0,0,0,3,38,21,17,3,6,,MeanSt00
386,A.J. Moore,HOU,25,DB,11,5,0,0,0,0,1,1,0,0,0,0,1,35,21,14,1,2,,MoorA.00
387,Josh Norman,BUF,33,DB,9,3,1,16,1,16,4,1,0,2,7,0,0,24,21,3,2,0,,NormJo01
388,Will Redmond,GNB,27,DB,13,1,0,0,0,0,1,,,,,,0,28,21,7,0,2,,RedmWi00
389,Dawuane Smoot,JAX,25,LDE,16,7,,,0,,,2,0,0,0,0,5.5,25,21,4,5,17,,SmooDa00
390,Zach Allen,ARI,23,LDT,13,7,0,0,0,0,3,,,,,0,2,35,20,15,5,6,,AlleZa01
391,Denico Autry,IND,30,RDE,14,13,,,0,,,,,,,0,7.5,33,20,13,9,10,,AutrDe00
392,Chris Board,BAL,25,LB,16,2,0,0,0,0,1,1,0,0,0,0,2.5,31,20,11,2,5,,BoarCh00
393,Jack Crawford,TEN,32,DE,16,9,,,0,,,1,0,0,0,0,2,28,20,8,3,10,,CrawJa00
394,Maxx Crosby,LVR,23,RDE,16,16,0,0,0,0,1,0,0,1,0,0,7,39,20,19,14,13,,CrosMa00
395,Akeem Davis-Gaither,CIN,23,LB,16,2,1,0,0,0,3,,,,,0,0.5,31,20,11,0,2,,DaviAk01
396,Carlos Dunlap,2TM,31,DE/LOLB,15,10,0,0,0,0,4,,,,,0,6,32,20,12,8,18,,DunlCa99
397,Shelby Harris,DEN,29,LDE,11,11,0,0,0,0,7,1,0,0,0,0,2.5,32,20,12,4,11,,HarrSh00
398,Tanoh Kpassagnon,KAN,26,LDE,16,15,0,0,0,0,3,,,,,0,1,28,20,8,2,4,,KpasTa00
399,Greg Mabin,JAX,26,DB,5,4,0,0,0,0,3,,,,,,0,21,20,1,0,0,,MabiGr00
400,Uchenna Nwosu,LAC,24,LB,13,4,0,0,0,0,2,,,,,0,4.5,33,20,13,5,11,,NwosUc00
401,David Onyemata,NOR,28,LDT,15,15,1,3,0,3,2,,,,,0,6.5,44,20,24,10,16,,OnyeDa00
402,Jarran Reed,SEA,28,DT,16,16,0,0,0,0,1,1,0,0,0,0,6.5,38,20,18,5,14,,ReedJa02
403,Shamar Stephen,MIN,29,LDT,16,16,,,0,,,,,,,0,0.5,34,20,14,2,3,,StepSh00
404,Jaquiski Tartt,SFO,28,SS,7,7,1,16,0,16,4,,,,,0,0,30,20,10,1,0,,TartJa00
405,Jamar Taylor,SFO,30,DB,8,3,2,8,0,8,3,,,,,0,1,22,20,2,2,2,,TaylJa01
406,DeShawn Williams,DEN,28,NT,14,11,1,1,0,1,3,,,,,0,2,37,20,17,4,6,,WillDe04
407,Marcus Allen,PIT,24,DB,14,2,,,0,,,,,,,,0,30,19,11,2,2,,AlleMa03
408,Henry Anderson,NYJ,29,LDE,16,8,,,0,,,,,,,0,0.5,42,19,23,4,3,,AndeHe00
409,Tarell Basham,NYJ,26,LOLB,16,9,0,0,0,0,1,3,0,0,0,0,3.5,36,19,17,5,13,,BashTa00
410,Raekwon Davis,MIA,23,NT,16,12,,,0,,,,,,,,0,40,19,21,1,1,,DaviRa03
411,Rashan Gary,GNB,23,DE,15,4,0,0,0,0,1,0,0,1,1,0,5,35,19,16,5,11,,GaryRa00
412,Holton Hill,MIN,23,DB,4,2,0,0,0,0,3,,,,,0,1,24,19,5,0,0,,HillHo00
413,Justin Houston,IND,31,LDE,16,16,,,0,,,1,0,2,0,0,8,25,19,6,8,12,2,HousJu00
414,Jerry Hughes,BUF,32,LDE/RDE,15,15,1,-3,0,-3,3,2,0,2,21,1,4.5,29,19,10,4,11,,HughJe99
415,Justin Jones,LAC,24,LDT,13,12,,,0,,,,,,,0,1,34,19,15,5,4,,JoneJu03
416,Cre'von LeBlanc,PHI,26,DB,9,1,0,0,0,0,2,1,0,1,6,0,1,22,19,3,1,1,,LeBlCr01
417,Tyquan Lewis,IND,25,DE,16,4,0,0,0,0,2,,,,,0,4,24,19,5,8,6,,LewiTy00
418,Benson Mayowa,SEA,29,LOLB,13,9,0,0,0,0,3,2,0,1,13,0,6,24,19,5,7,9,,MayoBe00
419,Benardrick McKinney,HOU,28,LB,4,4,0,0,0,0,1,,,,,,0,37,19,18,1,0,,McKiBe00
420,Al-Quadin Muhammad,IND,25,DE,16,0,,,0,,,1,0,0,0,0,2,23,19,4,2,6,,MuhaAl00
421,Sharrod Neasman,ATL,29,DB,16,2,,,0,,,0,1,0,0,0,1,27,19,8,2,1,,NeasSh00
422,John Penisini,DET,23,RDT,16,12,,,0,,,0,0,1,0,0,1,35,19,16,4,0,,PeniJo00
423,Sheldrick Redwine,CLE,24,DB,15,3,1,8,0,8,1,,,,,0,0.5,27,19,8,0,1,,RedwSh00
424,Jerry Tillery,LAC,24,DE,16,11,0,0,0,0,2,2,0,1,0,0,3,30,19,11,3,14,,TillJe00
425,Brandon Williams,BAL,31,NT,13,13,0,0,0,0,2,,,,,,0,33,19,14,2,1,,WillBr02
426,Derek Wolfe,BAL,30,RDE,14,8,0,0,0,0,2,0,0,1,0,0,1,51,19,32,6,4,,WolfDe00
427,Ricardo Allen,ATL,29,SS,12,12,2,29,0,19,5,,,,,0,0,25,18,7,1,0,,AlleRi00
428,Adam Butler,NWE,26,DT,15,4,0,0,0,0,2,,,,,0,4,34,18,16,6,7,,ButlAd00
429,Calais Campbell*,BAL,34,LDE,12,12,0,0,0,0,6,,,,,0,4,28,18,10,5,10,,CampCa99
430,Samson Ebukam,LAR,25,LOLB,16,14,0,0,0,0,1,1,0,0,0,0,4.5,31,18,13,3,7,,EbukSa00
431,Clelin Ferrell,LVR,23,LDE,11,11,0,0,0,0,3,2,0,0,0,0,2,27,18,9,3,10,,FerrCl00
432,Phillip Gaines,HOU,29,DB,12,2,0,0,0,0,1,,,,,,0,24,18,6,0,0,,GainPh00
433,Adam Gotsis,JAX,28,RDE,16,14,0,0,0,0,3,1,,,,,0,37,18,19,4,3,,GotsAd00
434,Everson Griffen,2TM,33,DE,14,2,0,0,0,0,4,,,,,0,6,33,18,15,7,14,,GrifEv99
435,P.J. Hall,HOU,25,RDE,10,9,,,0,,,,,,,0,1,34,18,16,2,2,,HallP.00
436,Justin Hollins,LAR,24,LB,16,0,0,0,0,0,1,1,0,0,0,0,3,28,18,10,3,5,,HollJu00
437,Chris Jones,2TM,25,DB,9,3,,,0,,,,,,,,0,19,18,1,0,0,,JoneCh06
438,Carl Lawson,CIN,25,RDE,16,11,,,0,,,2,0,0,0,0,5.5,36,18,18,4,32,,LawsCa00
439,David Mayo,NYG,27,LB,11,2,,,0,,,1,,,,,0,29,18,11,2,0,,MayoDa00
440,Brennan Scarlett,HOU,27,ROLB,11,4,,,0,,,,,,,,0,28,18,10,0,1,,ScarBr00
441,M.J. Stewart,CLE,25,DB,16,0,2,51,0,30,3,,,,,0,1,22,18,4,2,1,,StewM.00
442,Deionte Thompson,ARI,23,FS,13,4,0,0,0,0,3,,,,,,0,27,18,9,0,1,,ThomDe06
443,Tanner Vallejo,ARI,26,LB,16,0,,,0,,,,,,,0,1,26,18,8,0,2,,VallTa00
444,Tyson Alualu,PIT,33,NT,15,10,0,0,0,0,5,1,0,0,0,0,2,38,17,21,4,5,,AluaTy99
445,Corey Ballentine,2TM,24,DB,15,2,,,0,,,,,,,0,0,20,17,3,0,0,,BallCo00
446,Tyus Bowser,BAL,25,LB,16,2,3,53,0,25,5,,,,,0,2,34,17,17,4,14,,BowsTy00
447,Markus Golden,2TM,29,DE/ROLB,16,9,1,1,0,1,3,1,0,1,30,0,4.5,33,17,16,6,20,,GoldMa00
448,Dontae Johnson,SFO,29,DB,14,3,0,0,0,0,3,,,,,0,1,23,17,6,1,2,,JohnDo02
449,Damontae Kazee,ATL,27,DB,4,4,,,0,,,1,,,,,0,20,17,3,0,0,,KazeDa00
450,Shaq Lawson,MIA,26,LOLB,14,7,0,0,0,0,1,1,0,1,36,1,4,32,17,15,4,18,,LawsSh00
451,Frankie Luvu,NYJ,24,LB,13,3,0,0,0,0,1,1,0,0,0,0,2,25,17,8,3,3,1,LuvuFr00
452,Kamal Martin,GNB,22,RILB,10,6,,,0,,,,,,,0,1,24,17,7,3,1,,MartKa01
453,Raekwon McMillan,LVR,25,LB,16,4,0,0,0,0,1,1,,,,,0,27,17,10,1,0,,McMiRa02
454,Carl Nassib,LVR,27,LDE,14,5,1,23,0,23,5,,,,,0,2.5,28,17,11,5,9,,NassCa00
455,Isaac Rochell,LAC,25,RDE,16,6,0,0,0,0,1,,,,,0,2.5,29,17,12,1,3,1,RochIs00
456,Shy Tuttle,NOR,25,DT,13,3,0,0,0,0,2,,,,,,0,28,17,11,2,1,,TuttSh00
457,Brent Urban,CHI,29,DT,16,8,0,0,0,0,1,,,,,0,2.5,36,17,19,2,4,,UrbaBr00
458,Carlos Watkins,HOU,27,LOLB,16,11,0,0,0,0,3,0,0,1,0,0,2,27,17,10,4,2,,WatkCa00
459,K'Waun Williams,SFO,29,DB,8,4,0,0,0,0,4,1,0,0,0,0,2,22,17,5,5,2,,WillKW00
460,Ahkello Witherspoon,SFO,25,DB,11,4,1,0,0,0,4,,,,,0,0,20,17,3,1,0,,WithAh00
461,Daryl Worley,3TM,25,DB,10,5,0,0,0,0,3,,,,,,0,22,17,5,0,0,,WorlDa00
462,Terrence Brooks,NWE,28,DB,14,2,,,0,,,,,,,,0,23,16,7,0,1,,BrooTe00
463,Devin Bush Jr.,PIT,22,LILB,5,5,0,0,0,0,3,,,,,0,1,26,16,10,0,2,,BushDe01
464,Tevaughn Campbell,LAC,27,DB,14,4,1,6,1,6,3,1,0,0,0,0,0,22,16,6,0,1,,CampTe00
465,L.J. Collier,SEA,25,DE,16,16,0,0,0,0,2,,,,,0,3,22,16,6,4,7,,CollLJ00
466,Michael Danna,KAN,23,DE,13,1,,,0,,,,,,,0,2.5,25,16,9,4,6,,DannMi00
467,Todd Davis,MIN,28,LB,11,6,0,0,0,0,2,,,,,0,1,35,16,19,2,1,,DaviTo01
468,Javon Hargrave,PHI,27,LDT,15,11,0,0,0,0,1,0,0,1,0,0,4.5,38,16,22,5,8,,HargJa00
469,Jalyn Holmes,MIN,24,LDE,14,9,0,0,0,0,2,,,,,,0,36,16,20,2,4,,HolmJa01
470,Dean Marlowe,BUF,28,DB,15,4,2,39,0,23,3,0,0,1,0,0,1.5,22,16,6,2,2,,MarlDe00
471,Bilal Nichols,CHI,24,NT,16,16,1,7,0,7,3,,,,,0,5,40,16,24,7,13,,NichBi00
472,Ifeadi Odenigbo,MIN,26,LDE/RDE,15,15,,,0,,,,,,,0,3.5,35,16,19,3,15,1,OdenIf00
473,Jamal Perry,MIA,26,DB,13,1,0,0,0,0,1,,,,,,0,26,16,10,0,0,,WiltJo01
474,Richard Sherman,SFO,32,LCB,5,5,1,18,0,18,1,,,,,0,0,18,16,2,1,0,,SherRi00
475,Daniel Thomas,JAX,22,S,10,2,1,53,0,53,2,,,,,0,0,18,16,2,0,0,,ThomDa07
476,Jalen Thompson,ARI,22,FS,5,4,0,0,0,0,1,,,,,,0,19,16,3,0,0,,ThomJa04
477,Desmond Trufant,DET,30,LCB,6,6,1,0,0,0,4,,,,,0,1,20,16,4,1,1,,TrufDe00
478,D.J. Wonnum,MIN,23,DE,14,2,0,0,0,0,1,1,0,0,0,0,3,24,16,8,5,9,,WonnDJ00
479,Angelo Blackson,ARI,28,NT,16,9,,,0,,,,,,,0,2.5,24,15,9,4,8,,BlacAn00
480,Tyeler Davison,ATL,28,RDT,16,15,,,0,,,,,,,0,0.5,36,15,21,2,2,,DaviTy01
481,Sam Franklin,CAR,24,LB,14,4,0,0,0,0,1,,,,,0,1,23,15,8,1,1,,FranSa00
482,Randy Gregory,DAL,28,DE,10,0,0,0,0,0,1,3,0,0,0,0,3.5,21,15,6,4,12,,GregRa00
483,Javelin Guidry,NYJ,22,CB,11,2,,,0,,,4,,,,,0,22,15,7,0,1,,GuidJa01
484,D.J. Hayden,JAX,30,DB,5,1,0,0,0,0,1,,,,,,0,18,15,3,1,1,,HaydDJ00
485,Marquis Haynes,CAR,27,LB,15,0,0,0,0,0,1,1,0,2,1,0,4,18,15,3,4,5,,HaynMa01
486,B.J. Hill,NYG,25,DT,16,0,0,0,0,0,1,,,,,0,1,32,15,17,2,3,,HillB.00
487,Malik Jackson,PHI,30,LDT,15,6,0,0,0,0,2,0,0,1,0,0,2.5,28,15,13,6,13,,JackMa02
488,Jordan Jenkins,NYJ,26,ROLB/LOL,12,12,0,0,0,0,1,1,0,0,0,0,2,32,15,17,3,6,,JenkJo01
489,Devon Kennard,ARI,29,DE,13,4,,,0,,,,,,,0,3,19,15,4,5,9,,KennDe00
490,Javon Kinlaw,SFO,23,LDT,14,12,1,27,1,27,4,,,,,0,1.5,33,15,18,3,4,,KinlJa00
491,Steve McLendon,2TM,34,DT/NT,15,6,,,0,,,,,,,,0,31,15,16,2,0,,McLeSt00
492,Trent Murphy,BUF,30,LDE,10,9,,,0,,,,,,,0,2,19,15,4,3,6,,MurpTr00
493,Jacob Phillips,CLE,21,LB,9,3,0,0,0,0,1,,,,,,0,25,15,10,1,1,,PhilJa01
494,Jeremy Reaves,WAS,24,DB,9,3,1,0,0,0,2,,,,,0,1,25,15,10,1,1,,ReavJe00
495,Brandon Rusnak,JAX,25,DB,16,1,,,0,,,,,,,0,0,24,15,9,0,0,,WatsBr01
496,Danny Shelton,DET,27,LDT,12,12,0,0,0,0,1,,,,,0,1,37,15,22,2,4,,ShelDa01
497,James Vaughters,CHI,27,LB,14,0,,,0,,,,,,,0,1.5,22,15,7,2,2,,VaugJa01
498,K'Von Wallace,PHI,23,S,15,3,,,0,,,0,0,1,0,0,0,21,15,6,0,0,,WallKV00
499,Armani Watts,KAN,24,DB,16,1,0,0,0,0,1,,,,,0,0,17,15,2,0,0,,WattAr00
500,Oren Burks,GNB,25,LB,16,0,,,0,,,2,,,,,0,21,14,7,1,0,,BurkOr00
501,Jadeveon Clowney,TEN,27,LOLB,8,8,0,0,0,0,4,1,,,,,0,19,14,5,4,6,,ClowJa00
502,John Cominsky,ATL,25,DE,13,1,,,0,,,0,0,1,3,0,1,28,14,14,3,3,,ComiJo00
503,Christian Covington,CIN,27,RDT,16,14,,,0,,,,,,,,0,39,14,25,0,1,,CoviCh00
504,Byron Cowart,NWE,24,RDT,14,14,0,0,0,0,1,,,,,0,1,27,14,13,3,3,,CowaBy00
505,Zaire Franklin,IND,24,LB,16,2,,,0,,,,,,,,0,19,14,5,0,0,,FranZa00
506,Kristian Fulton,TEN,22,CB,6,2,1,44,0,44,1,,,,,0,1,16,14,2,1,1,,FultKr00
507,Dennis Gardeck,ARI,26,LB,14,0,,,0,,,0,0,1,0,0,7,16,14,2,7,10,,GardDe01
508,Kevin Givens,SFO,23,DT,13,1,0,0,0,0,1,0,0,1,0,0,1,19,14,5,5,3,,GiveKe01
509,Bryce Hager,NYJ,28,LB,10,2,0,0,0,0,1,,,,,0,0.5,23,14,9,1,1,,HageBr00
510,DaVon Hamilton,JAX,23,LDT,11,6,0,0,0,0,1,0,0,1,0,0,1,30,14,16,2,5,,HamiDa02
511,Shaun Dion Hamilton,WAS,25,LB,14,3,,,0,,,,,,,,0,21,14,7,2,1,,DionSh00
512,Harrison Hand,MIN,22,CB,14,1,1,4,0,4,3,,,,,0,0,17,14,3,0,0,,HandHa00
513,Maurice Hurst Jr.,LVR,25,DT,11,3,0,0,0,0,1,,,,,0,0.5,27,14,13,1,6,,HursMa00
514,Chris Jackson,TEN,22,S,11,3,0,0,0,0,1,,,,,,0,24,14,10,1,0,,JackCh01
515,Quinton Jefferson,BUF,27,DT,16,4,0,0,0,0,1,1,0,1,0,0,3,23,14,9,3,6,,JeffQu00
516,D.J. Jones,SFO,25,RDT,14,14,0,0,0,0,1,,,,,0,3,20,14,6,7,3,,JoneD.01
517,Dean Lowry,GNB,26,LDE,16,16,0,0,0,0,2,,,,,0,3,36,14,22,2,4,,LowrDe00
518,Cassius Marsh,3TM,28,DE,8,1,,,0,,,1,,,,,0,16,14,2,0,1,,MarsCa00
519,Xavier McKinney,NYG,21,S,6,4,1,0,0,0,1,,,,,0,0,25,14,11,1,0,,McKiXa00
520,George Odum+,IND,27,DB,16,0,,,0,,,1,,,,,0,21,14,7,0,0,,OdumGe00
521,Robert Quinn,CHI,30,ROLB,15,13,,,0,,,3,0,1,0,0,2,20,14,6,0,6,,QuinRo00
522,Tershawn Wharton,KAN,22,DE,16,1,,,0,,,1,1,1,-3,0,2,27,14,13,4,4,,WharTe00
523,Jahleel Addae,LAC,30,DB,11,0,1,3,0,3,2,,,,,0,0.5,21,13,8,0,1,,AddaJa00
524,Justin Bethel,NWE,30,DB,16,0,,,0,,,,,,,,0,14,13,1,0,0,,BethJu00
525,Shilique Calhoun,NWE,28,DE,10,0,,,0,,,2,0,0,0,0,2,18,13,5,1,3,,CalhSh00
526,Carter Coughlin,NYG,23,LB,14,2,,,0,,,,,,,0,1,17,13,4,2,2,,CougCa00
527,Tyrel Dodson,BUF,22,LB,10,2,0,0,0,0,2,,,,,0,1,22,13,9,2,0,,DodsTy01
528,Troy Dye,MIN,24,LLB,11,5,0,0,0,0,2,,,,,,0,28,13,15,0,1,,DyexTr00
529,Brandon Facyson,LAC,26,DB,13,0,,,0,,,1,,,,,0,16,13,3,0,0,,FacyBr00
530,Matthias Farley,NYJ,28,DB,16,2,0,0,0,0,3,,,,,,0,24,13,11,0,1,,FarlMa00
531,Rudy Ford,PHI,26,DB,8,1,,,0,,,,,,,,0,15,13,2,1,0,,FordRu00
532,Porter Gustin,CLE,23,DE,14,3,,,0,,,,,,,,0,30,13,17,2,2,,GustPo01
533,Davontae Harris,2TM,25,DB,11,2,0,0,0,0,1,1,,,,,0,14,13,1,0,0,,HarrDa05
534,Dane Jackson,BUF,24,CB,5,2,1,6,0,6,5,0,0,1,0,0,0,15,13,2,1,0,,JackDa02
535,Justin Layne,PIT,22,DB,16,0,,,0,,,,,,,,0,22,13,9,0,0,,LaynJu00
536,Jacob Martin,HOU,25,DE,14,1,0,0,0,0,1,1,0,1,0,0,3,20,13,7,3,3,,MartJa02
537,Mike Pennel,KAN,29,DT,14,1,,,0,,,,,,,,0,29,13,16,0,1,,PennMi00
538,Sheldon Rankins,NOR,26,DT,12,1,0,0,0,0,1,,,,,0,1.5,20,13,7,3,9,,RankSh00
539,Alton Robinson,SEA,22,DE,14,1,,,0,,,1,0,0,0,0,4,22,13,9,5,4,,RobiAl03
540,Rashard Robinson,DAL,25,DB,4,3,,,0,,,,,,,,0,20,13,7,0,0,,RobiRa00
541,Bravvion Roy,CAR,24,LDT,15,9,,,0,,,,,,,0,1,29,13,16,2,5,,RoyxBr00
542,D.J. Swearinger,NOR,29,DB,11,0,0,0,0,0,1,,,,,,0,14,13,1,0,0,,SweaDJ00
543,Kindle Vildor,CHI,23,CB,16,1,0,0,0,0,1,,,,,,0,17,13,4,0,0,,VildKi00
544,Justin Zimmer,BUF,28,DT,12,0,,,0,,,1,0,0,0,0,1,21,13,8,3,7,,ZimmJu00
545,Dakota Allen,JAX,25,LB,13,2,,,0,,,,,,,,0,18,12,6,3,1,,AlleDa01
546,Austin Bryant,DET,24,DE,6,1,,,0,,,,,,,,0,17,12,5,1,1,,BryaAu00
547,K'Lavon Chaisson,JAX,21,LB,16,3,0,0,0,0,1,,,,,0,1,19,12,7,3,9,,ChaiKL00
548,Doug Costin,JAX,23,RDT,12,9,0,0,0,0,2,0,0,1,0,0,0,32,12,20,3,1,,CostDo00
549,Vinny Curry,PHI,32,DE,11,3,,,0,,,0,0,1,0,0,3,16,12,4,3,10,,CurrVi00
550,Marcus Davenport,NOR,24,DE,11,1,0,0,0,0,2,,,,,0,1.5,21,12,9,3,8,,DaveMa00
551,Brandon Dunn,HOU,28,NT,13,13,,,0,,,0,0,1,0,0,0,26,12,14,0,3,,DunnBr00
552,Trey Flowers,DET,27,LDE,7,5,0,0,0,0,1,2,0,1,4,0,2,22,12,10,3,3,,FlowTr00
553,Dante Fowler,ATL,26,RDE,14,13,0,0,0,0,1,1,0,0,0,0,3,23,12,11,4,8,,FowlDa00
554,Da'Shawn Hand,DET,25,DE,10,1,,,0,,,1,,,,,0,19,12,7,1,0,,HandDa00
555,DeAndre Houston-Carson,CHI,27,DB,16,0,1,0,0,0,3,0,0,1,0,0,0,15,12,3,0,0,,HousDe00
556,Bryce Huff,NYJ,22,LB,14,0,0,0,0,0,1,,,,,0,2,16,12,4,4,4,,HuffBr00
557,Michael Jacquet,PHI,23,DB,7,2,0,0,0,0,3,1,0,0,0,0,1,18,12,6,0,1,,JacqMi00
558,Joshua Kalu,TEN,25,DB,15,0,,,0,,,1,0,0,0,0,0,16,12,4,0,0,,KaluJo00
559,Kingsley Keke,GNB,24,RDE,15,9,0,0,0,0,2,1,0,0,0,0,4,21,12,9,3,8,,KekeKi00
560,Hercules Mata'afa,MIN,25,DE,13,1,,,0,,,,,,,0,2.5,24,12,12,3,6,,MataHe00
561,Tyler Matakevich,BUF,28,LB,16,0,0,0,0,0,2,,,,,,0,23,12,11,0,0,,MataTy00
562,Whitney Mercilus,HOU,30,LOLB,13,12,0,0,0,0,1,0,1,1,0,0,4,21,12,9,5,7,,MercWh00
563,Tim Settle,WAS,23,DT,16,1,,,0,,,,,,,0,5,19,12,7,5,7,,SettTi00
564,Armon Watts,MIN,24,DT,16,0,,,0,,,,,,,0,0.5,31,12,19,0,2,,WattAr01
565,Joejuan Williams,NWE,23,DB,15,0,0,0,0,0,2,,,,,,0,18,12,6,0,0,,WillJo13
566,Nick Williams,DET,30,DT/DE,14,13,0,0,0,0,2,,,,,0,1,23,12,11,2,3,,WillNi01
567,Shawn Williams,CIN,29,DB,13,0,0,0,0,0,1,,,,,0,0,16,12,4,0,0,,WillSh02
568,Olasunkanmi Adeniyi,PIT,23,LB,15,1,,,0,,,1,,,,,0,16,11,5,1,0,,AdenOl00
569,Nick Bellore*,SEA,31,LB,16,0,,,0,,,0,0,1,0,0,0,14,11,3,0,0,,BellNi01
570,Lorenzo Carter,NYG,25,LOLB,5,5,0,0,0,0,1,,,,,0,1,15,11,4,2,4,,CartLo01
571,Sean Davis,PIT,27,DB,16,1,0,0,0,0,1,0,0,1,0,0,0,12,11,1,0,0,,DaviSe00
572,Mario Edwards,CHI,26,DE,15,0,0,0,0,0,1,,,,,0,4,17,11,6,6,7,,EdwaMa01
573,A.J. Epenesa,BUF,22,DE,14,1,0,0,0,0,1,,,,,0,1,14,11,3,3,4,,EpenAJ00
574,Neville Gallimore,DAL,23,NT,14,9,0,0,0,0,1,,,,,0,0.5,28,11,17,4,4,,GallNe00
575,Carl Granderson,NOR,24,DE,15,0,0,0,0,0,1,2,0,0,0,0,5,14,11,3,3,9,,GranCa01
576,Darius Harris,KAN,24,LB,4,2,0,0,0,0,1,0,0,1,15,0,0,14,11,3,0,0,,HarrDa07
577,Noah Igbinoghene,MIA,21,CB,16,2,0,0,0,0,2,0,0,2,5,0,0,13,11,2,0,0,,IgbiNo00
578,Darryl Johnson,BUF,23,DE,15,0,,,0,,,,,,,0,1,14,11,3,3,3,,JohnDa10
579,Dion Jordan,SFO,30,DE,13,1,0,0,0,0,1,1,0,1,0,0,3,17,11,6,3,5,,JordDi00
580,Zach Kerr,CAR,30,DT,13,4,0,0,0,0,2,1,0,0,0,0,2,32,11,21,2,9,,KerrZa00
581,Sean Lee,DAL,34,LB,9,2,,,0,,,,,,,,0,20,11,9,0,1,,LeexSe99
582,Ryan Lewis,NYG,26,DB,5,3,0,0,0,0,1,,,,,,0,13,11,2,0,0,,LewiRy01
583,Justin Madubuike,BAL,23,DT,10,3,,,0,,,,,,,0,1,19,11,8,2,2,,MaduJu00
584,Sherrick McManis,CHI,33,DB,11,0,1,0,0,0,1,1,0,1,0,0,0,12,11,1,0,0,,McMaSh99
585,Anthony Nelson,TAM,23,DE,16,1,0,0,0,0,1,,,,,0,1,18,11,7,2,7,,NelsAn01
586,Charles Omenihu,HOU,23,DE,15,5,0,0,0,0,2,,,,,0,4,17,11,6,5,16,,OmenCh00
587,Harrison Phillips,BUF,24,DT,12,3,,,0,,,0,0,1,0,0,0,18,11,7,0,4,,PhilHa00
588,John Reid,HOU,24,CB,13,1,0,0,0,0,1,,,,,,0,13,11,2,0,0,,ReidJo00
589,Patrick Robinson,NOR,33,DB,12,4,2,0,0,0,4,,,,,0,0,14,11,3,1,0,,RobiPa99
590,Nick Scott,LAR,25,DB,15,0,,,0,,,,,,,,0,16,11,5,0,0,,ScotNi01
591,Vernon Scott,GNB,23,S,15,0,,,0,,,,,,,0,1,13,11,2,2,1,,ScotVe00
592,Tye Smith,TEN,27,DB,12,3,0,5,0,5,1,,,,,0,0,15,11,4,1,0,,SmitTy01
593,Tedric Thompson,KAN,25,DB,8,0,,,0,,,0,2,1,0,0,0,13,11,2,0,0,,ThomTe00
594,Xavier Williams,2TM,28,DT,12,3,,,0,,,0,0,1,0,0,1,24,11,13,0,1,,WillXa00
595,Ross Blacklock,HOU,22,DT,15,1,,,0,,,,,,,,0,14,10,4,1,2,,BlacRo00
596,Taven Bryan,JAX,24,LDT,16,8,,,0,,,,,,,0,0.5,18,10,8,3,6,,BryaTa00
597,Joe Giles-Harris,JAX,23,LB,9,3,,,0,,,,,,,0,1,20,10,10,2,5,,GileJo01
598,Davon Godchaux,MIA,26,NT,5,5,,,0,,,,,,,,0,16,10,6,1,2,,GodcDa00
599,Jonathan Greenard,HOU,23,LB,13,1,0,0,0,0,1,,,,,0,1,19,10,9,2,3,,GreeJo04
600,Anfernee Jennings,NWE,23,LB,14,4,,,0,,,,,,,,0,20,10,10,0,1,,JennAn00
601,Arden Key,LVR,24,DE,14,0,0,0,0,0,2,,,,,,0,15,10,5,2,11,,KeyxAr00
602,Miles Killebrew,DET,27,DB,15,0,,,0,,,,,,,,0,12,10,2,0,0,,KillMi00
603,Kevin Minter,TAM,30,LB,16,1,0,0,0,0,1,,,,,,0,15,10,5,0,0,,MintKe00
604,Efe Obada,CAR,28,DE,16,1,,,0,,,1,0,2,54,0,5.5,18,10,8,4,15,,ObadEf00
605,Corey Peters,ARI,32,NT,9,9,0,0,0,0,1,,,,,0,2,15,10,5,3,4,,PeteCo00
606,Jordan Phillips,ARI,28,RDT,9,9,0,0,0,0,1,2,0,1,0,0,2,11,10,1,1,3,,PhilJo01
607,Mike Purcell,DEN,29,NT,6,6,,,0,,,,,,,0,1,15,10,5,2,1,,PurcMi00
608,Josiah Scott,JAX,21,CB,6,0,,,0,,,,,,,,0,11,10,1,1,0,,ScotJo00
609,Jabaal Sheard,2TM,31,DE,10,3,0,0,0,0,1,1,0,0,0,0,1.5,19,10,9,2,6,,SheaJa00
610,Kevin Strong,DET,24,DT,6,1,,,0,,,,,,,0,1,15,10,5,1,2,,StroKe00
611,Adarius Taylor,CAR,30,LB,13,2,,,0,,,,,,,,0,19,10,9,1,0,,GlanAd00
612,Tramon Williams,BAL,37,DB,6,0,0,0,0,0,1,,,,,,0,14,10,4,0,2,,WillTr99
613,Tashawn Bower,NWE,25,DE,7,3,0,0,0,0,1,,,,,,0,11,9,2,1,0,,BoweTa00
614,Shaun Bradley,PHI,23,LB,15,0,,,0,,,,,,,,0,15,9,6,1,0,,BradSh00
615,Malcom Brown,NOR,26,RDT,13,13,,,0,,,,,,,0,1,27,9,18,3,2,,BrowMa01
616,Myles Bryant,NWE,22,CB,9,0,1,0,0,0,1,,,,,0,0,12,9,3,0,0,,BryaMy01
617,Vernon Butler,BUF,26,LDT,14,9,0,0,0,0,1,1,,,,,0,18,9,9,5,2,,ButlVe00
618,Ross Cockrell,TAM,29,DB,12,2,0,0,0,0,1,,,,,,0,11,9,2,1,1,,CockRo00
619,Adrian Colbert,NYG,27,DB,6,2,,,0,,,,,,,,0,13,9,4,1,0,,ColbAd00
620,Trevon Coley,ARI,26,DT,6,2,,,0,,,,,,,0,1,14,9,5,3,2,,ColeTr01
621,William Compton,TEN,31,LB,12,1,,,0,,,0,0,1,0,0,0,18,9,9,0,0,,CompWi00
622,Jordan Dangerfield,PIT,30,DB,15,0,,,0,,,,,,,,0,10,9,1,0,0,,DangJo00
623,Mike Ford,DET,25,DB,9,1,0,0,0,0,1,,,,,,0,12,9,3,0,0,,FordMi01
624,Greg Gaines,LAR,24,DT,16,0,,,0,,,0,0,1,0,0,1.5,18,9,9,1,3,,GainGr00
625,Yetur Gross-Matos,CAR,22,RDE,12,7,,,0,,,1,0,0,0,0,2.5,24,9,15,2,6,,GrosYe00
626,Antonio Hamilton,KAN,27,DB,16,0,0,0,0,0,1,,,,,,0,12,9,3,0,1,,HamiAn01
627,Myles Hartsfield,CAR,23,DB,16,0,0,0,0,0,1,0,0,2,0,0,0,14,9,5,1,0,,HartMy00
628,Mike Hughes,MIN,23,DB,4,2,0,0,0,0,1,,,,,,0,13,9,4,0,0,,HughMi00
629,Joel Iyiegbuniwe,CHI,25,LB,16,0,0,0,0,0,1,,,,,,0,12,9,3,0,0,,IyieJo00
630,Adoree' Jackson,TEN,25,DB,3,2,,,0,,,,,,,,0,12,9,3,0,0,,JackAd00
631,Khalid Kareem,CIN,22,DE,16,0,,,0,,,,,,,0,1,19,9,10,1,2,,KareKh00
632,Ryan Kerrigan,WAS,32,DE,16,1,0,0,0,0,1,0,0,1,6,0,5.5,17,9,8,5,6,,KerrRy00
633,Siran Neal,BUF,26,DB,16,0,0,0,0,0,1,,,,,0,0,13,9,4,0,1,,NealSi00
634,Hardy Nickerson,MIN,26,LB,14,1,1,5,0,5,1,2,0,0,0,0,0,14,9,5,0,0,,NickHa02
635,Keisean Nixon,LVR,23,DB,15,1,,,0,,,0,2,0,0,0,0,14,9,5,0,1,,NixoKe00
636,Alex Okafor,KAN,29,DE,11,0,,,0,,,1,0,0,0,0,3,16,9,7,1,10,,OkafAl00
637,Jalen Reeves-Maybin,DET,25,LB,16,0,,,0,,,,,,,,0,10,9,1,0,0,,ReevJa00
638,Hassan Ridgeway,PHI,26,DT,7,0,,,0,,,,,,,0,1,11,9,2,2,1,,RidgHa00
639,Duke Shelley,CHI,24,DB,11,2,0,0,0,0,1,,,,,,0,16,9,7,0,0,,ShelDu00
640,Damion Square,LAC,31,DE,16,1,,,0,,,,,,,0,1,20,9,11,1,2,,SquaDa00
641,Vincent Taylor,CLE,26,DT,15,1,,,0,,,0,0,1,0,0,0,12,9,3,2,1,,TaylVi00
642,DeMarcus Walker,DEN,26,DE,13,4,,,0,,,1,0,0,0,0,4.5,18,9,9,3,5,,WalkDe03
643,Nsimba Webster,LAR,24,WR,16,0,,,0,,,0,3,2,0,0,0,12,9,3,0,0,,WebsNs00
644,Brandon Wilson,CIN,26,RB,15,0,,,0,,,1,0,0,0,0,0,13,9,4,0,0,,WilsBr01
645,Josh Woods,CHI,24,LB,15,0,,,0,,,0,0,1,0,0,0,14,9,5,0,0,,WoodJo02
646,Allen Bailey,ATL,31,DE,16,4,,,0,,,,,,,0,1.5,15,8,7,2,5,,BailAl00
647,Cam Brown,NYG,22,LB,15,0,,,0,,,1,,,,,0,12,8,4,0,3,,BrowCa01
648,Maliek Collins,LVR,25,RDT,12,11,,,0,,,,,,,,0,15,8,7,0,1,,CollMa00
649,John Franklin-Myers,NYJ,24,DT,15,2,0,0,0,0,2,0,0,2,0,0,3,19,8,11,5,13,,FranJo02
650,J.T. Gray,NOR,24,DB,16,0,0,0,0,0,1,0,0,2,0,0,0,8,8,0,0,0,,GrayJ.00
651,Charles Harris,ATL,25,DE,13,1,0,0,0,0,2,,,,,0,3,18,8,10,3,5,,HarrCh03
652,Jaylinn Hawkins,ATL,23,S,12,2,,,0,,,,,,,0,0.5,13,8,5,0,1,,HawkJa00
653,Lano Hill,SEA,25,DB,2,0,,,0,,,,,,,,0,10,8,2,1,0,,HillDe02
654,Khaleke Hudson,WAS,23,S,16,2,,,0,,,,,,,,0,14,8,6,2,1,,HudsKh00
655,Austin Johnson,NYG,26,NT,16,0,0,0,0,0,1,1,0,0,0,0,1,18,8,10,2,1,,JohnAu01
656,Tyler Lancaster,GNB,26,DT,15,3,0,0,0,0,1,,,,,,0,23,8,15,0,0,,LancTy00
657,Blake Lynch,MIN,23,LB,4,1,0,0,0,0,1,,,,,,0,12,8,4,0,0,,LyncBl00
658,Josh Metellus,MIN,22,S,15,0,,,0,,,0,0,2,0,0,0,9,8,1,0,0,,MeteJo00
659,Dare Ogunbowale,JAX,26,RB,14,2,,,0,,,,,,,0,0,10,8,2,0,0,,OgunDa00
660,Ogbonnia Okoronkwo,LAR,25,LB,10,0,0,0,0,0,1,,,,,0,1,12,8,4,1,3,,OkorOg00
661,D.J. Reader,CIN,26,LDT,5,5,0,0,0,0,2,,,,,,0,19,8,11,1,1,,ReadD.00
662,Edmond Robinson,ATL,28,LB,13,0,,,0,,,,,,,,0,15,8,7,0,1,,RobiEd00
663,Nathan Shepherd,NYJ,27,DT,14,3,,,0,,,,,,,0,2.5,17,8,9,3,8,,ShepNa00
664,Andre Smith,BUF,23,LB,12,0,,,0,,,1,,,,,0,9,8,1,1,0,,SmitAn04
665,James Smith-Williams,WAS,23,DE,14,0,,,0,,,,,,,0,0.5,10,8,2,3,2,,SmitJa08
666,Michael Thomas,HOU,30,DB,9,0,,,0,,,,,,,,0,16,8,8,0,0,,ThomMi02
667,Jaylen Watkins,LAC,29,DB,3,1,,,0,,,,,,,,0,8,8,0,0,0,,WatkJa01
668,Josh Allen,JAX,23,LDE,8,7,0,0,0,0,1,,,,,0,2.5,13,7,6,2,11,,AlleJo03
669,Luq Barcoo,JAX,22,CB,3,1,0,0,0,0,1,,,,,,0,10,7,3,1,0,,BarcLu00
670,Zack Baun,NOR,24,LB,15,3,,,0,,,,,,,,0,12,7,5,1,0,,BaunZa00
671,Tony Brown,CIN,25,DB,13,1,0,0,0,0,1,,,,,,0,13,7,6,2,0,,BrowTo01
672,Isaiah Buggs,PIT,24,DT,10,1,,,0,,,,,,,,0,11,7,4,0,1,,BuggIs00
673,Terrell Burgess,LAR,22,S,7,0,0,0,0,0,1,,,,,,0,8,7,1,0,0,,BurgTe00
674,Ben Burr-Kirven,SEA,23,LB,16,0,,,0,,,,,,,,0,8,7,1,1,0,,BurrBe00
675,Stephen Carlson,CLE,24,TE,16,2,,,0,,,,,,,0,0,9,7,2,0,0,,CarlSt00
676,Jurrell Casey,DEN,31,DT,3,3,0,0,0,0,3,,,,,,0,14,7,7,1,2,,CaseJu00
677,Anthony Chickillo,DEN,28,DE,11,0,0,0,0,0,1,,,,,0,1,11,7,4,1,1,,ChicAn00
678,Tyrone Crawford,DAL,31,DE,16,3,,,0,,,,,,,0,2,14,7,7,2,4,,CrawTy00
679,Mike Daniels,CIN,31,LDT,11,11,,,0,,,,,,,,0,17,7,10,1,1,,DaniMi00
680,Tae Davis,CLE,24,LB,13,0,0,0,0,0,1,,,,,,0,7,7,0,0,0,,DaviTa00
681,Nick Dzubnar,TEN,29,LB,16,0,,,0,,,,,,,,0,14,7,7,0,0,,DzubNi00
682,Rasheem Green,SEA,23,DE,10,0,,,0,,,0,0,1,0,0,2,10,7,3,2,6,,GreeRa01
683,Ka'dar Hollman,GNB,26,DB,14,1,0,0,0,0,3,,,,,,0,10,7,3,0,0,,HollKa00
684,Margus Hunt,2TM,33,DE,13,1,0,0,0,0,4,0,0,1,0,0,1,9,7,2,3,4,,HuntMa00
685,John Jenkins,CHI,31,DT,11,0,0,0,0,0,1,,,,,,0,21,7,14,0,1,,JenkJo00
686,Isaiah Johnson,LVR,25,DB,14,0,0,0,0,0,4,,,,,,0,13,7,6,0,0,,JohnIs02
687,Thakarius Keyes,KAN,23,DB,8,1,,,0,,,,,,,0,0,8,7,1,0,0,,KeyeTh00
688,Rashard Lawrence,ARI,22,DT,9,1,,,0,,,,,,,,0,9,7,2,1,0,,LawrRa01
689,Fabian Moreau,WAS,26,DB,16,1,2,0,0,0,3,,,,,0,0,9,7,2,0,0,,MoreFa00
690,Rakeem Nunez-Roches,TAM,27,NT,16,11,,,0,,,,,,,,0,20,7,13,0,3,,NuneRa00
691,Dorian O'Daniel,KAN,26,LB,11,0,,,0,,,,,,,0,1,9,7,2,1,1,,ODanDo00
692,Kyle Phillips,NYJ,23,DE,7,3,,,0,,,,,,,,0,11,7,4,3,1,,PhilKy00
693,James Pierre,PIT,24,CB,16,0,,,0,,,,,,,,0,10,7,3,1,0,,PierJa01
694,LaRoy Reynolds,ATL,30,LB,16,0,0,0,0,0,1,1,0,1,0,0,0,12,7,5,0,0,,ReynLa00
695,Curtis Riley,2TM,28,DB,6,1,,,0,,,,,,,,0,10,7,3,0,0,,RileCu00
696,Malcolm Roach,NOR,22,DT,9,0,,,0,,,,,,,,0,16,7,9,2,2,,RoacMa01
697,Craig Robertson,NOR,32,LB,16,0,,,0,,,1,,,,,0,7,7,0,0,0,,RobeCr00
698,Roy Robertson-Harris,CHI,27,LDE,8,6,,,0,,,,,,,,0,10,7,3,1,5,,RobeRo00
699,E.J. Speed,IND,25,LB,15,0,,,0,,,,,,,,0,9,7,2,0,0,,SpeeEJ00
700,Davion Taylor,PHI,22,LB,12,1,,,0,,,,,,,,0,10,7,3,0,0,,TaylDa01
701,Josh Uche,NWE,22,LB,9,1,,,0,,,,,,,0,1,9,7,2,2,7,,UcheJo00
702,Jihad Ward,BAL,26,DE,10,0,0,0,0,0,2,,,,,0,3,16,7,9,4,8,,WardJi02
703,Charles Washington,ARI,27,DB,15,0,0,0,0,0,1,1,,,,,0,12,7,5,0,0,,WashCh01
704,Stephen Weatherly,CAR,26,RDE,9,9,,,0,,,,,,,,0,17,7,10,1,3,,WeatSt00
705,Kyle Wilber,LVR,31,LB,16,0,,,0,,,0,0,1,0,0,0,12,7,5,0,0,,WilbKy00
706,Jordan Willis,2TM,25,LB,9,0,,,0,,,0,0,1,0,0,2.5,13,7,6,2,5,,WillJo09
707,Antwaun Woods,DAL,27,DT,14,7,,,0,,,,,,,0,1,23,7,16,1,2,,WoodAn02
708,Montravius Adams,GNB,25,DT,8,0,,,0,,,,,,,,0,11,6,5,2,0,,AdamMo00
709,Ryan Anderson,WAS,26,LB,9,0,,,0,,,,,,,,0,9,6,3,1,0,,AndeRy00
710,Grayland Arnold,PHI,23,CB,6,1,0,0,0,0,1,,,,,,0,11,6,5,1,0,,ArnoGr01
711,Genard Avery,PHI,25,LB,11,0,0,0,0,0,1,,,,,0,1.5,12,6,6,2,7,,AverGe00
712,Anthony Barr,MIN,28,LB,2,2,,,0,,,,,,,,0,6,6,0,0,0,,BarrAn00
713,Daren Bates,TEN,30,LB,13,0,,,0,,,,,,,,0,8,6,2,0,0,,BateDa00
714,Henry Black,GNB,23,S,8,0,,,0,,,1,0,1,0,0,0,8,6,2,0,0,,BlacHe00
715,Amani Bledsoe,CIN,22,DE,14,4,0,0,0,0,2,,,,,,0,17,6,11,0,0,,BledAm01
716,Terrell Bonds,BAL,24,DB,4,1,,,0,,,,,,,,0,6,6,0,0,0,,BondTe00
717,Cethan Carter,CIN,25,TE,15,5,,,0,,,,,,,0,0,10,6,4,0,0,,CartCe00
718,Dan Chisena,MIN,23,WR,14,0,,,0,,,0,0,1,0,0,0,6,6,0,0,0,,ChisDa00
719,Adrian Clayborn,CLE,32,DE,15,2,0,0,0,0,1,1,0,0,0,0,3.5,12,6,6,3,7,,ClayAd00
720,Ryan Connelly,MIN,25,LB,14,0,,,0,,,,,,,,0,6,6,0,0,0,,ConnRy00
721,Brandon Copeland,NWE,29,LB,6,4,,,0,,,,,,,,0,12,6,6,1,0,,CopeBr00
722,Nate Ebner,NYG,32,DB,16,0,0,0,0,0,1,,,,,,0,8,6,2,0,0,,EbneNa00
723,Mike Edwards,TAM,24,DB,16,0,2,67,0,37,5,0,1,1,31,0,0,11,6,5,0,0,,EdwaMi01
724,Daniel Ekuale,JAX,26,DT,9,5,,,0,,,,,,,0,1,13,6,7,1,1,,EkuaDa00
725,Jordan Elliott,CLE,23,DT,16,1,,,0,,,,,,,,0,15,6,9,0,0,,ElliJo02
726,Justin Ellis,BAL,30,DT,13,3,0,0,0,0,1,,,,,,0,17,6,11,0,0,,ElliJu01
727,Clayton Fejedelem,MIA,27,DB,13,0,,,0,,,1,0,1,0,0,0,10,6,4,0,0,,FejeCl00
728,Demetrius Flannigan-Fowles,SFO,24,DB,11,1,,,0,,,,,,,,0,9,6,3,0,0,,FlanDe00
729,Leki Fotu,ARI,22,DT,11,0,,,0,,,,,,,0,1,11,6,5,4,3,,FotuLe00
730,Jordan Glasgow,IND,24,LB,13,0,,,0,,,,,,,,0,9,6,3,0,0,,GlasJo00
731,C.J. Goodwin,DAL,30,DB,16,0,,,0,,,,,,,0,0,9,6,3,0,0,,GoodC.00
732,Shaquem Griffin,SEA,25,LB,14,0,0,0,0,0,1,,,,,0,1,9,6,3,1,3,,GrifSh01
733,Nate Hall,HOU,24,LB,10,0,,,0,,,1,0,0,0,0,2,11,6,5,1,2,,HallNa01
734,Justin Hardee,NOR,26,WR,10,0,,,0,,,,,,,,0,8,6,2,0,0,,HardJu01
735,Justice Hill,BAL,23,RB,12,0,,,0,,,1,0,0,0,0,0,9,6,3,0,0,,HillJu00
736,Trysten Hill,DAL,22,DT,5,5,,,0,,,,,,,,0,11,6,5,1,3,,HillTr00
737,Robert Jackson,CLE,27,DB,10,1,0,0,0,0,1,,,,,,0,6,6,0,0,0,,JackRo00
738,Elijah Lee,2TM,24,LB,12,0,,,0,,,,,,,,0,8,6,2,0,0,,LeexEl00
739,David Long,LAR,22,DB,16,1,,,0,,,,,,,,0,7,6,1,0,0,,LongDa02
740,Damontre Moore,SEA,28,DE,10,0,,,0,,,1,0,0,0,0,1,9,6,3,1,7,,MoorDa01
741,Calvin Munson,MIA,26,LB,16,0,,,0,,,,,,,,0,9,6,3,0,0,,MunsCa00
742,Domata Peko,ARI,36,DE,6,5,,,0,,,,,,,,0,16,6,10,0,0,,PekoDo20
743,A'Shawn Robinson,LAR,25,DT,8,0,0,0,0,0,1,,,,,,0,12,6,6,0,1,,RobiAS00
744,Kevon Seymour,PHI,27,DB,2,0,,,0,,,,,,,,0,8,6,2,0,0,,SeymKe00
745,Trent Sherfield,ARI,24,WR,15,1,,,0,,,0,0,3,0,0,0,9,6,3,0,0,,SherTr00
746,Stantley Thomas-Oliver,CAR,22,CB,10,0,,,0,,,,,,,,0,7,6,1,0,0,,ThomSt00
747,Nick Thurman,NWE,25,DE,7,1,,,0,,,,,,,,0,10,6,4,1,0,,ThurNi00
748,Vita Vea,TAM,25,NT,5,5,,,0,,,,,,,0,2,10,6,4,3,3,,VeaxVi00
749,Blidi Wreh-Wilson,ATL,31,DB,15,0,3,26,0,23,4,,,,,0,0,9,6,3,1,0,,WrehBl00
750,B.J. Bello,LAC,26,LB,6,0,,,0,,,,,,,,0,7,5,2,0,0,,BellB.00
751,Marquise Blair,SEA,23,DB,2,0,,,0,,,1,,,,,0,8,5,3,0,0,,BlaiMa01
752,Tramaine Brock,DET,32,DB,1,0,,,0,,,,,,,,0,5,5,0,0,0,,BrocTr00
753,Deon Bush,CHI,27,DB,11,0,1,10,0,10,2,,,,,0,0,5,5,0,0,0,,BushDe00
754,Trenton Cannon,CAR,26,RB,14,0,,,0,,,,,,,0,0,6,5,1,0,0,,CannTr00
755,Kamalei Correa,2TM,26,LB/RLB,9,6,0,0,0,0,1,,,,,,0,9,5,4,0,2,,CorrKa00
756,Thomas Davis,WAS,37,LB,7,0,0,0,0,0,1,,,,,,0,6,5,1,0,0,,DaviTh20
757,Riley Dixon,NYG,27,P,16,0,,,0,,,,,,,0,0,5,5,0,0,0,,DixoRi00
758,Samuel Eguavoen,MIA,27,LB,16,1,0,0,0,0,1,,,,,,0,9,5,4,1,0,,EguaSa00
759,Jayrone Elliott,PIT,29,LB,8,0,,,0,,,,,,,0,1,7,5,2,2,1,,ElliJa02
760,Jordan Evans,CIN,25,LB,15,0,1,0,0,0,1,0,0,1,0,0,2,11,5,6,2,2,,EvanJo01
761,Kylie Fitts,ARI,26,LB,13,1,,,0,,,1,,,,,0,9,5,4,0,1,,FittKy00
762,Kavon Frazier,MIA,26,DB,15,0,,,0,,,,,,,,0,6,5,1,0,0,,FrazKa00
763,Alohi Gilman,LAC,23,S,15,1,,,0,,,,,,,,0,7,5,2,0,1,,GilmAl00
764,Nate Hairston,2TM,26,DB,5,0,,,0,,,,,,,,0,6,5,1,1,0,,HairNa00
765,Grant Haley,NOR,24,DB,1,0,1,0,0,0,1,,,,,0,0,6,5,1,0,1,,HaleGr00
766,C.J. Ham,MIN,27,FB,15,11,,,0,,,,,,,0,0,6,5,1,0,0,,HamxC.00
767,Madre Harper,NYG,23,CB,9,0,,,0,,,0,0,1,0,0,0,5,5,0,0,0,,HarpMa00
768,Alijah Holder,DEN,24,DB,8,0,,,0,,,,,,,,0,7,5,2,0,0,,HoldAl01
769,Malik Hooker,IND,24,DB,2,2,,,0,,,,,,,,0,7,5,2,0,0,,HookMa00
770,George Iloka,MIN,30,DB,4,0,,,0,,,,,,,,0,6,5,1,1,0,,IlokGe00
771,Melvin Ingram,LAC,31,RDE,7,7,1,0,0,0,2,,,,,0,0,10,5,5,0,5,,IngrMe00
772,Matthew Ioannidis,WAS,26,DT,3,0,,,0,,,,,,,0,1.5,7,5,2,2,4,,IoanMa01
773,Chandler Jones,ARI,30,LOLB,5,5,,,0,,,0,0,1,0,0,1,11,5,6,1,7,,JoneCh03
774,Taiwan Jones,BUF,32,RB,13,0,,,0,,,,,,,,0,6,5,1,0,0,,JoneTa00
775,Austin Larkin,CAR,25,DE,9,0,,,0,,,,,,,,0,12,5,7,1,0,,LarkAu00
776,Cameron Lewis,BUF,23,DB,5,2,,,0,,,,,,,,0,7,5,2,0,0,,LewiCa00
777,Aaron Lynch,JAX,27,DE,8,0,0,0,0,0,1,,,,,0,1,6,5,1,1,3,,LyncAa00
778,Trey Marshall,DEN,24,DB,12,0,,,0,,,,,,,,0,6,5,1,0,0,,MarsTr00
779,Takkarist McKinley,ATL,25,DE,4,4,0,0,0,0,1,,,,,0,1,8,5,3,1,7,,McKiTa00
780,Herb Miller,TAM,23,DB,4,0,1,2,0,2,1,,,,,0,0,5,5,0,0,0,,MillHe01
781,Parnell Motley,2TM,23,CB,4,1,0,0,0,0,1,0,0,1,5,0,0,8,5,3,0,0,,MotlPa00
782,Alexander Myres,DET,24,DB,1,0,0,0,0,0,1,,,,,,0,5,5,0,0,0,,MyreAl00
783,Kareem Orr,TEN,23,DB,5,0,,,0,,,0,0,1,8,0,0,7,5,2,0,0,,OrrxKa00
784,Steven Parker,DAL,25,DB,8,0,,,0,,,,,,,,0,8,5,3,0,0,,ParkSt00
785,Randy Ramsey,GNB,25,DE,12,0,,,0,,,,,,,,0,11,5,6,0,0,,RamsRa00
786,Derick Roberson,TEN,25,DE,8,1,0,0,0,0,1,1,,,,,0,9,5,4,0,2,,RobeDe01
787,Isaiah Rodgers,IND,22,CB,13,0,,,0,,,,,,,0,0,7,5,2,0,0,,RodgIs00
788,Jeremy Sprinkle,WAS,26,TE,16,6,,,0,,,,,,,0,0,6,5,1,0,0,,SpriJe00
789,Taylor Stallworth,IND,25,DT,16,1,,,0,,,0,0,1,0,0,0.5,12,5,7,1,1,,StalTa00
790,Kentavius Street,SFO,24,DE,15,2,,,0,,,,,,,,0,11,5,6,1,0,,StreKe00
791,Kendal Vickers,LVR,25,DE,15,2,,,0,,,,,,,0,2,10,5,5,3,3,,VickKe00
792,Joe Walker,SFO,28,LB,12,0,,,0,,,,,,,,0,6,5,1,0,0,,WalkJo01
793,Tim Ward,KAN,23,DE,1,1,,,0,,,,,,,0,1,5,5,0,1,2,,WardTi00
794,Josh Watson,DEN,24,LB,9,0,,,0,,,,,,,,0,5,5,0,0,0,,WatsJo00
795,Derek Watt,PIT,28,RB,12,0,,,0,,,,,,,0,0,8,5,3,1,0,1,WattDe00
796,Ken Webster,SFO,24,DB,9,0,,,0,,,1,1,0,0,0,0,6,5,1,0,0,,WebsKe00
797,Quincy Williams,JAX,24,LB,7,0,0,0,0,0,1,1,,,,,0,11,5,6,1,0,,WillQu01
798,Eddie Yarbrough,MIN,27,DE,4,0,,,0,,,,,,,,0,8,5,3,0,1,,YarbEd01
799,Jamal Agnew,DET,25,WR,14,2,,,0,,,0,2,0,0,0,0,4,4,0,0,0,,AgneJa00
800,Deandre Baker,KAN,23,DB,2,1,0,0,0,0,1,,,,,0,1,5,4,1,1,1,,BakeDe00
801,Mike Boone,MIN,25,RB,16,0,,,0,,,1,0,0,0,0,0,5,4,1,0,0,,BoonMi00
802,Daniel Brown,NYJ,28,WR,16,1,,,0,,,,,,,0,0,5,4,1,0,0,,BrowDa04
803,Jamal Carter,ATL,26,DB,1,0,,,0,,,,,,,,0,5,4,1,0,0,,CartJa02
804,Blake Cashman,NYJ,24,LB,4,1,,,0,,,,,,,,0,6,4,2,0,0,,CashBl00
805,Taco Charlton,KAN,26,DE,7,0,,,0,,,1,0,0,0,0,2,7,4,3,1,4,,CharTa00
806,Corey Clement,PHI,26,RB,15,0,,,0,,,,,,,0,0,5,4,1,0,0,,ClemCo00
807,Carlos Davis,PIT,24,DT,7,0,,,0,,,,,,,,0,6,4,2,1,0,,DaviCa03
808,Cody Davis,NWE,31,DB,13,0,,,0,,,,,,,,0,9,4,5,0,0,,DaviCo02
809,Matt Dickerson,TEN,25,DT,10,0,,,0,,,,,,,,0,10,4,6,0,1,,DickMa00
810,Ashton Dulin,IND,23,WR,13,0,,,0,,,0,1,0,0,0,0,7,4,3,0,0,,DuliAs00
811,Emeke Egbule,LAC,24,LB,14,0,,,0,,,,,,,,0,7,4,3,0,1,,EgbuEm00
812,Kaden Elliss,NOR,25,LB,15,0,,,0,,,,,,,,0,5,4,1,0,0,,ElliKa00
813,Luke Gifford,DAL,25,LB,8,0,,,0,,,,,,,,0,6,4,2,0,0,,GiffLu00
814,Cam Gill,TAM,23,LB,12,0,,,0,,,,,,,,0,6,4,2,0,0,,GillCa00
815,Tyler Hall,ATL,22,CB,9,0,,,0,,,,,,,,0,6,4,2,0,0,,HallTy01
816,Penny Hart,SEA,24,WR,13,0,,,0,,,,,,,0,0,5,4,1,0,0,,HartPe01
817,Frank Herron,DET,26,DT,4,0,0,0,0,0,1,,,,,,0,5,4,1,1,0,,HerrFr00
818,J.P. Holtz,CHI,27,TE,16,1,,,0,,,,,,,0,0,5,4,1,0,0,,HoltJ.01
819,Bruce Irvin,SEA,33,DE,2,2,,,0,,,,,,,,0,5,4,1,1,3,,IrviBr00
820,Abry Jones,JAX,29,RDT,5,5,,,0,,,,,,,,0,8,4,4,0,0,,JoneAb00
821,Dallin Leavitt,LVR,26,DB,9,0,0,0,0,0,2,,,,,,0,10,4,6,0,0,,LeavDa00
822,Anthony Levine,BAL,33,DB,15,1,,,0,,,0,0,2,1,0,0,7,4,3,0,0,,LeviAn00
823,Cameron Malveaux,CLE,26,DE,2,0,,,0,,,1,,,,,0,4,4,0,0,0,,MalvCa00
824,Braden Mann,NYJ,23,P,16,0,,,0,,,,,,,0,0,4,4,0,0,0,,MannBr01
825,Kahlil McKenzie,CIN,23,DT,7,0,,,0,,,,,,,,0,8,4,4,1,0,,McKeKa00
826,Tony McRae,DET,27,DB,8,0,,,0,,,,,,,,0,4,4,0,0,0,,McRaTo00
827,Doug Middleton,JAX,27,DB,10,0,,,0,,,,,,,,0,9,4,5,0,0,,MiddDo01
828,C.J. Moore,DET,25,DB,12,0,,,0,,,,,,,0,0,7,4,3,0,0,,MoorCJ01
829,Shaquille Quarterman,JAX,23,LB,12,0,,,0,,,,,,,,0,6,4,2,0,0,,QuarSh00
830,Daniel Ross,2TM,27,DT,5,0,,,0,,,,,,,,0,8,4,4,1,0,,RossDa02
831,Cam Sims,WAS,24,WR,16,10,,,0,,,0,1,2,0,0,0,4,4,0,0,0,,SimsCa00
832,Tuzar Skipper,TEN,25,LB,4,2,,,0,,,,,,,,0,5,4,1,0,0,,SkipTu00
833,Chris Smith,LVR,28,DE,8,0,,,0,,,,,,,0,1,5,4,1,0,4,,SmitCh03
834,Ryan Smith,TAM,27,DB,16,0,,,0,,,,,,,,0,4,4,0,0,0,,SmitRy00
835,Julian Stanford,CAR,30,LB,16,0,,,0,,,,,,,,0,10,4,6,0,0,,StanJu00
836,Zeke Turner,ARI,24,DB,16,0,,,0,,,,,,,0,0,14,4,10,0,0,,TurnZe00
837,Derrek Tuszka,DEN,24,DE,9,0,,,0,,,,,,,,0,6,4,2,1,0,,TuszDe00
838,Justin Watson,TAM,24,WR,11,2,,,0,,,,,,,0,1,7,4,3,1,1,,WatsJu01
839,Jace Whittaker,ARI,25,DB,4,0,,,0,,,,,,,,0,4,4,0,0,0,,WhitJa05
840,Sylvester Williams,DEN,32,DT,8,0,0,0,0,0,2,,,,,,0,9,4,5,0,0,,WillSy00
841,Oshane Ximines,NYG,24,DE,4,3,,,0,,,,,,,,0,5,4,1,1,3,,XimiOs00
842,Brian Allen,SFO,27,DB,1,1,,,0,,,,,,,,0,3,3,0,0,0,,AlleBr01
843,Stephen Anderson,LAC,27,TE,16,3,,,0,,,,,,,0,0,5,3,2,0,0,,AndeSt01
844,Eli Apple,CAR,25,DB,2,0,,,0,,,,,,,,0,4,3,1,0,0,,ApplEl00
845,Vic Beasley,2TM,28,DE,10,0,,,0,,,1,,,,,0,4,3,1,1,0,,BeasVi00
846,Nick Bosa,SFO,23,DE,2,2,,,0,,,1,,,,,0,6,3,3,0,1,,BosaNi00
847,James Burgess,GNB,26,LB,4,0,,,0,,,,,,,,0,3,3,0,0,0,,BurgJa01
848,Jason Cabinda,DET,24,LB,16,2,,,0,,,,,,,0,0,7,3,4,0,0,,CabiJa00
849,Austin Calitro,DEN,26,LB,13,0,,,0,,,,,,,,0,3,3,0,0,0,,CaliAu00
850,Derek Carrier,LVR,30,TE,16,0,,,0,,,,,,,0,0,7,3,4,0,0,,CarrDe00
851,Dylan Cole,HOU,26,LB,6,0,,,0,,,,,,,,0,6,3,3,0,0,,ColeDy00
852,Nathan Cottrell,JAX,24,RB,8,0,,,0,,,,,,,0,0,5,3,2,0,0,,CottNa00
853,Blake Countess,PHI,27,DB,2,0,,,0,,,,,,,,0,3,3,0,0,0,,CounBl00
854,Carl Davis,NWE,28,DT,3,1,,,0,,,,,,,,0,3,3,0,1,0,,DaviCa01
855,Jalen Davis,CIN,24,DB,6,0,,,0,,,,,,,,0,4,3,1,0,0,,DaviJa06
856,Ulysees Gilbert,PIT,23,LB,4,0,,,0,,,,,,,,0,5,3,2,0,0,,GilbUl00
857,Marcus Gilchrist,BAL,32,DB,2,0,,,0,,,,,,,,0,3,3,0,0,0,,GilcMa00
858,Ryan Griffin,NYJ,30,TE,15,6,,,0,,,,,,,0,0,5,3,2,0,0,,GrifRy00
859,Justin Hamilton,DAL,27,DT,10,2,,,0,,,,,,,,0,10,3,7,0,1,,HamiJu00
860,Damon Harrison,2TM,32,DT,7,0,,,0,,,1,,,,,0,9,3,6,0,0,,HarrDa03
861,Thomas Hennessy,NYJ,26,LS,16,0,,,0,,,,,,,,0,5,3,2,0,0,,HennTh00
862,Brian Hill,ATL,25,RB,16,1,,,0,,,0,2,1,0,0,0,4,3,1,0,0,,HillBr02
863,Travis Homer,SEA,22,RB,9,0,,,0,,,,,,,0,0,3,3,0,0,0,,HomeTr00
864,Leon Jacobs,JAX,25,LB,3,2,,,0,,,,,,,,0,3,3,0,1,0,,JacoLe00
865,Malik Jefferson,LAC,24,LB,13,0,,,0,,,,,,,,0,5,3,2,0,0,,JeffMa00
866,Danny Johnson,WAS,25,DB,14,0,,,0,,,,,,,0,0,4,3,1,0,0,,JohnDa09
867,Jaquan Johnson,BUF,25,DB,14,0,,,0,,,,,,,0,0,4,3,1,0,0,,JohnJa11
868,Terrell Lewis,LAR,22,LB,8,0,,,0,,,,,,,0,2,5,3,2,2,4,,LewiTe00
869,Ty Long,LAC,27,P,16,0,,,0,,,,,,,0,0,4,3,1,0,0,,LongTy00
870,John Lovett,GNB,24,TE,8,0,,,0,,,,,,,0,0,4,3,1,0,0,,LoveJo02
871,Justin March,DAL,27,LB,12,0,,,0,,,,,,,,0,4,3,1,0,0,,MarcJu00
872,Josh Mauro,ARI,29,DE,3,2,,,0,,,,,,,0,1,5,3,2,1,1,,MaurJo00
873,Daniel McCullers,CHI,28,DT,3,0,,,0,,,,,,,,0,8,3,5,0,0,,McCuDa00
874,T.Y. McGill,PHI,28,DT,7,0,,,0,,,,,,,0,0.5,9,3,6,1,3,,McGiT.00
875,Christopher Milton,TEN,28,DB,14,0,,,0,,,,,,,,0,3,3,0,0,0,,MiltCh00
876,Henry Mondeaux,PIT,25,DT,11,0,,,0,,,,,,,,0,5,3,2,1,2,,MondHe00
877,Bryan Mone,SEA,25,DT,10,0,,,0,,,,,,,0,0.5,9,3,6,1,2,1,MoneBr00
878,Gabe Nabers,LAC,23,FB,16,5,,,0,,,0,0,1,0,0,0,5,3,2,0,0,,NabeGa00
879,Ryan Nall,CHI,25,RB,16,0,,,0,,,,,,,0,0,4,3,1,0,0,,NallRy00
880,Jared Norris,WAS,27,LB,11,0,,,0,,,,,,,,0,3,3,0,0,0,,NorrJa00
881,Pat O'Connor,TAM,27,DE,16,0,,,0,,,,,,,0,1,4,3,1,1,1,,OConPa00
882,Alec Ogletree,NYJ,29,LB,2,1,,,0,,,,,,,,0,3,3,0,3,0,,OgleAl00
883,Cordarrelle Patterson*+,CHI,29,WR,16,3,,,0,,,0,0,1,0,0,0,4,3,1,0,0,,PattCo00
884,Kevin Peterson,ARI,26,DB,12,1,0,0,0,0,1,0,0,1,0,0,0,6,3,3,0,0,,PeteKe01
885,Dontari Poe,DAL,30,NT,7,7,,,0,,,,,,,,0,7,3,4,0,0,,PoexDo00
886,Jachai Polite,LAR,23,LB,11,0,,,0,,,,,,,0,1,4,3,1,1,1,,PoliJa00
887,Brooks Reed,TEN,33,LB,2,1,,,0,,,,,,,0,1,4,3,1,1,1,,ReedBr00
888,Caraun Reid,JAX,29,DT,7,0,,,0,,,,,,,,0,5,3,2,0,0,,ReidCa00
889,Luke Rhodes,IND,28,LS,16,0,,,0,,,,,,,,0,3,3,0,0,0,,RhodLu00
890,Jordan Richards,BAL,27,DB,16,0,,,0,,,,,,,,0,4,3,1,0,0,,RichJo00
891,Amik Robertson,LVR,22,CB,8,0,,,0,,,,,,,,0,4,3,1,0,0,,RobeAm00
892,Stanford Samuels,GNB,21,CB,2,0,,,0,,,,,,,,0,3,3,0,0,0,,SamuSt01
893,Khalen Saunders,KAN,24,DT,3,1,,,0,,,,,,,,0,3,3,0,0,0,,SaunKh00
894,Kawann Short,CAR,31,DT,3,3,,,0,,,,,,,,0,6,3,3,0,1,,ShorKa00
895,Matthew Slater*,NWE,35,WR,16,0,,,0,,,,,,,,0,7,3,4,0,0,,SlatMa00
896,Benny Snell Jr.,PIT,22,RB,16,3,,,0,,,0,2,2,0,0,0,5,3,2,0,0,,SnelBe00
897,Akeem Spence,NWE,29,DT,6,0,,,0,,,,,,,,0,9,3,6,0,0,,SpenAk00
898,Linden Stephens,SEA,25,DB,13,0,,,0,,,,,,,,0,3,3,0,0,0,,StepLi00
899,Levine Toilolo,NYG,29,TE,16,2,,,0,,,0,0,1,0,0,0,3,3,0,0,0,,ToilLe00
900,Kemoko Turay,IND,25,LB,7,0,,,0,,,,,,,0,1,4,3,1,1,3,,TuraKe00
901,Jonathan Ward,ARI,23,RB,14,0,,,0,,,,,,,0,0,7,3,4,0,0,,WardJo00
902,Kristian Welch,BAL,22,LB,10,0,,,0,,,,,,,,0,5,3,2,0,0,,WelcKr00
903,Nick Westbrook-Ikhine,TEN,23,WR,14,1,,,0,,,,,,,0,0,3,3,0,0,0,,WestNi00
904,Javin White,LVR,23,LB,4,0,,,0,,,,,,,,0,4,3,1,1,0,,WhitJa04
905,Raequan Williams,PHI,23,DT,6,0,,,0,,,,,,,0,1,5,3,2,1,1,,WillRa03
906,Mitch Wishnowsky,SFO,28,P,16,0,,,0,,,,,,,0,0,4,3,1,0,0,,WishMi00
907,Chris Wormley,PIT,27,DE,13,1,,,0,,,,,,,0,1,8,3,5,1,3,,WormCh00
908,Jabari Zuniga,NYJ,23,DE,8,0,,,0,,,,,,,,0,5,3,2,0,0,,ZuniJa00
909,Ameer Abdullah,MIN,27,RB,16,0,,,0,,,,,,,0,0,2,2,0,0,0,,AbduAm00
910,Josh Adams,NYJ,24,RB,8,0,,,0,,,,,,,0,0,3,2,1,0,0,,AdamJo03
911,McTelvin Agim,DEN,23,DT,10,0,0,0,0,0,1,,,,,,0,8,2,6,0,0,,AgimMc00
912,Ben Banogu,IND,24,LB,9,0,,,0,,,,,,,,0,6,2,4,0,0,,BanoBe00
913,Chad Beebe,MIN,26,WR,14,0,,,0,,,0,2,0,0,0,0,2,2,0,0,0,,BeebCh00
914,LeVante Bellamy,DEN,24,RB,5,0,,,0,,,,,,,0,0,2,2,0,0,0,,BellLe02
915,Francis Bernard,DAL,25,LB,13,0,,,0,,,,,,,,0,6,2,4,0,0,,BernFr01
916,Christian Blake,ATL,24,WR,16,0,,,0,,,,,,,0,0,3,2,1,0,0,,BlakCh00
917,Khari Blasingame,TEN,24,FB,15,7,,,0,,,,,,,0,0,3,2,1,0,0,,BlasKh00
918,Jacob Bobenmoyer,DEN,23,LS,16,0,,,0,,,0,0,1,0,0,0,3,2,1,0,0,,BobeJa00
919,Miles Boykin,BAL,24,WR,16,13,,,0,,,,,,,0,0,2,2,0,0,0,,BoykMi00
920,Jordan Brailford,MIN,25,LB,5,0,,,0,,,1,0,1,0,0,0,2,2,0,0,1,,BraiJo00
921,Pharaoh Brown,HOU,26,TE,13,9,,,0,,,,,,,0,0,2,2,0,0,0,,BrowPh01
922,T.J. Brunson,NYG,23,LB,5,0,,,0,,,,,,,,0,3,2,1,0,0,,BrunTJ00
923,Jonathan Bullard,SEA,27,DE,6,0,,,0,,,,,,,,0,8,2,6,0,2,,BullJo00
924,Deante Burton,DAL,26,WR,4,0,,,0,,,,,,,,0,3,2,1,0,0,,BurtDe00
925,Chase Claypool,PIT,22,WR,16,6,,,0,,,0,3,1,0,0,0,6,2,4,0,0,,ClayCh01
926,Tyler Conklin,MIN,25,TE,16,2,,,0,,,0,1,0,0,0,0,2,2,0,0,0,,ConkTy00
927,Xavier Crawford,CHI,25,DB,3,0,,,0,,,,,,,,0,4,2,2,0,0,,CrawXa00
928,Dominique Dafney,GNB,23,TE,5,2,,,0,,,,,,,0,0,2,2,0,0,0,,DafnDo00
929,Darrion Daniels,SFO,23,DT,4,0,,,0,,,,,,,,0,4,2,2,0,0,,DaniDa04
930,Marlon Davidson,ATL,22,DE,8,0,0,0,0,0,1,,,,,,0,8,2,6,0,0,,DaviMa01
931,Duke Dawson,DEN,25,DB,12,1,,,0,,,,,,,,0,8,2,6,0,0,,DawsDu00
932,Khalil Dorsey,BAL,22,CB,6,0,,,0,,,,,,,,0,2,2,0,0,0,,DorsKh00
933,Ross Dwelley,SFO,25,TE,16,9,,,0,,,,,,,0,0,2,2,0,0,0,,DwelRo00
934,Reid Ferguson,BUF,26,LS,16,0,,,0,,,,,,,,0,2,2,0,0,0,,FergRe00
935,Mark Fields II,2TM,24,DB,4,0,,,0,,,,,,,,0,2,2,0,0,0,,FielMa01
936,Royce Freeman,DEN,24,RB,16,0,,,0,,,,,,,0,0,2,2,0,0,0,,FreeRo00
937,Jonathan Garvin,GNB,21,DE,8,0,,,0,,,,,,,,0,5,2,3,0,0,,GarvJo00
938,Reggie Gilliam,BUF,23,FB,14,0,,,0,,,1,0,0,0,0,0,2,2,0,0,0,,GillRe00
939,Ryan Glasgow,NOR,27,DT,2,0,,,0,,,,,,,,0,3,2,1,0,0,,GlasRy00
940,Woodrow Hamilton,CAR,28,DT,5,0,,,0,,,0,0,1,0,0,0,3,2,1,0,0,,HamiWo00
941,Demetrius Harris,CHI,29,TE,15,5,,,0,,,1,0,0,0,0,0,3,2,1,0,0,,HarrDe03
942,Jamycal Hasty,SFO,24,RB,8,0,,,0,,,0,1,0,0,0,0,2,2,0,0,0,,HastJa02
943,Tae Hayes,2TM,23,DB,3,0,,,0,,,,,,,,0,3,2,1,0,0,,HayeTa00
944,Nate Holley,MIA,26,DB,3,0,,,0,,,,,,,,0,3,2,1,0,0,,HollNa00
945,Buddy Howell,HOU,24,RB,14,0,,,0,,,,,,,0,0,2,2,0,0,0,,HoweGr00
946,David Irving,LVR,27,DT,2,0,,,0,,,,,,,,0,4,2,2,0,0,,IrviDa00
947,Joe Jackson,CLE,24,DE,3,0,,,0,,,0,0,1,0,0,0,5,2,3,0,0,,JackJo02
948,Craig James,PHI,24,DB,4,0,,,0,,,0,0,1,0,0,0,2,2,0,0,0,,JameCr01
949,Datone Jones,LVR,30,DE,1,0,,,0,,,,,,,,0,2,2,0,0,0,,JoneDa03
950,Xavier Jones,LAR,23,RB,13,0,,,0,,,,,,,0,0,3,2,1,0,0,,JoneXa00
951,Nick Keizer,KAN,25,TE,16,3,,,0,,,0,1,0,0,0,0,4,2,2,0,0,,KeizNi00
952,Marcus Kemp,2TM,25,WR,11,0,,,0,,,,,,,0,0,3,2,1,0,0,,KempMa00
953,Jordan Kunaszyk,WAS,24,LB,6,0,,,0,,,,,,,,0,3,2,1,0,0,,KunaJo00
954,Niko Lalos,NYG,23,DE,6,0,1,0,0,0,1,0,0,1,0,0,0,6,2,4,0,0,,LaloNi00
955,Jeremiah Ledbetter,TAM,26,DE,3,0,,,0,,,,,,,0,1,3,2,1,1,2,,LedbJe00
956,Corey Liuget,HOU,30,DT,6,1,,,0,,,,,,,0,1,4,2,2,2,2,,LiugCo00
957,P.J. Locke,DEN,23,DB,15,0,,,0,,,,,,,,0,3,2,1,0,0,,LockPJ00
958,Mike Love,BUF,26,DE,1,0,,,0,,,,,,,,0,2,2,0,1,0,,LoveMi00
959,James Lynch,MIN,21,DT,9,0,,,0,,,,,,,0,1,3,2,1,1,1,,LyncJa00
960,Jaydon Mickens,TAM,26,WR,10,0,,,0,,,,,,,0,0,2,2,0,0,0,,MickJa01
961,Bruce Miller,JAX,33,FB,8,5,,,0,,,1,0,0,0,0,0,2,2,0,0,0,,MillBr02
962,Chris Moore,BAL,27,WR,3,0,,,0,,,,,,,,0,2,2,0,0,0,,MoorCh00
963,Johnny Mundt,LAR,26,TE,16,1,,,0,,,,,,,0,0,3,2,1,0,0,,MundJo00
964,K.J. Osborn,MIN,23,WR,9,0,,,0,,,0,2,1,0,0,0,3,2,1,0,0,,OsboKJ00
965,Natrez Patrick,LAR,23,LB,13,0,,,0,,,,,,,,0,3,2,1,0,0,,PatrNa00
966,Elijhaa Penny,NYG,27,RB,14,0,,,0,,,,,,,0,0,7,2,5,0,0,,PennEl00
967,Samaje Perine,CIN,25,RB,16,1,,,0,,,,,,,0,0,3,2,1,0,0,,PeriSa00
968,Senorise Perry,TEN,29,RB,7,0,,,0,,,,,,,0,0,3,2,1,0,0,,PerrSe00
969,Byron Pringle,KAN,27,WR,13,3,,,0,,,,,,,0,0,2,2,0,0,0,,PrinBy00
970,Kevin Rader,PIT,25,TE,1,1,,,0,,,,,,,,0,3,2,1,0,0,,RadeKe00
971,Wyatt Ray,TEN,24,LB,4,1,,,0,,,,,,,0,1,2,2,0,1,1,,RayxWy01
972,Derek Rivers,2TM,26,DE,13,0,,,0,,,,,,,0,1.5,5,2,3,2,4,,RiveDe00
973,Deadrin Senat,ATL,26,DT,5,0,,,0,,,0,0,1,0,0,0,4,2,2,0,0,,SenaDe00
974,Joey Slye,CAR,24,K,16,0,,,0,,,,,,,0,0,2,2,0,0,0,,SlyeJo00
975,Tanzel Smart,NYJ,26,DT,3,0,,,0,,,,,,,,0,3,2,1,0,0,,SmarTa00
976,Keith Smith,ATL,28,FB,16,7,,,0,,,0,0,1,0,0,0,8,2,6,0,0,,SmitKe03
977,Rashad Smith,PHI,23,LB,2,0,,,0,,,,,,,,0,3,2,1,0,0,,SmitRa02
978,Saivion Smith,DAL,23,DB,6,1,,,0,,,,,,,,0,3,2,1,0,0,,SmitSa02
979,Tremon Smith,IND,24,DB,10,0,,,0,,,,,,,0,0,2,2,0,0,0,,SmitTr04
980,Freddie Swain,SEA,22,WR,16,1,,,0,,,0,0,2,0,0,0,2,2,0,0,0,,SwaiFr00
981,Cordrea Tankersley,MIN,27,DB,2,1,,,0,,,,,,,,0,2,2,0,0,0,,TankCo00
982,Teair Tart,TEN,23,DT,7,1,0,0,0,0,1,,,,,,0,5,2,3,1,2,,TartTe00
983,Pita Taumoepenu,ATL,26,LB,1,0,,,0,,,,,,,,0,2,2,0,0,0,,TaumPi00
984,Malik Taylor,GNB,25,WR,15,1,,,0,,,,,,,0,0,3,2,1,0,0,,TaylMa01
985,Darwin Thompson,KAN,23,RB,14,1,,,0,,,,,,,0,0,2,2,0,0,0,,ThomDa06
986,Kevin Toliver,DEN,25,DB,2,0,,,0,,,,,,,,0,3,2,1,0,0,,ToliKe00
987,Zach Triner,TAM,29,C,16,0,,,0,,,,,,,,0,2,2,0,0,0,,TrinZa00
988,Dwayne Washington,NOR,26,RB,11,0,,,0,,,,,,,0,0,2,2,0,0,0,,WashDw00
989,Jordan Wilkins,IND,26,RB,15,0,,,0,,,,,,,0,0,2,2,0,0,0,,WilkJo01
990,Jamaal Williams,GNB,25,RB,14,3,,,0,,,,,,,0,0,2,2,0,0,0,,WillJa06
991,Trevor Williams,PHI,27,DB,2,0,0,0,0,0,1,,,,,,0,3,2,1,0,0,,WillTr05
992,James Winchester,KAN,31,LS,16,0,,,0,,,,,,,,0,3,2,1,0,0,,WincJa00
993,Robert Windsor,IND,23,DT,2,0,,,0,,,,,,,,0,2,2,0,0,0,,WindRo01
994,Billy Winn,GNB,31,DT,6,0,0,0,0,0,2,,,,,,0,6,2,4,0,0,,WinnBi00
995,Tavon Young,BAL,26,DB,2,0,,,0,,,,,,,,0,2,2,0,0,0,,YounTa01
996,Olamide Zaccheaus,ATL,23,WR,11,2,,,0,,,,,,,0,0,2,2,0,0,0,,ZaccOl01
997,Andrew Adams,TAM,28,DB,16,0,,,0,,,,,,,,0,2,1,1,0,0,,AdamAn00
998,Matthew Adams,IND,25,LB,9,0,,,0,,,,,,,,0,2,1,1,0,0,,AdamMa00
999,Freedom Akinmoladun,CIN,24,DE,2,0,,,0,,,,,,,,0,2,1,1,0,0,,AkinFr01
1000,Bryan Anger,HOU,32,P,16,0,,,0,,,,,,,0,0,1,1,0,0,0,,AngeBr00
1001,Eli Ankou,DAL,26,DT,7,0,,,0,,,,,,,,0,5,1,4,0,0,,AnkoEl00
1002,Geno Atkins,CIN,32,DT,8,0,,,0,,,,,,,,0,1,1,0,0,1,,AtkiGe99
1003,Joe Bachie,PHI,22,LB,4,0,,,0,,,,,,,,0,2,1,1,0,0,,BachJo01
1004,Jake Bailey*+,NWE,23,P,16,0,,,0,,,,,,,0,0,2,1,1,0,0,,BailJa00
1005,Markus Bailey,CIN,23,LB,11,0,0,0,0,0,1,,,,,,0,1,1,0,0,0,,BailMa01
1006,Kenjon Barner,TAM,31,RB,6,0,,,0,,,,,,,0,0,1,1,0,0,0,,BarnKe00
1007,Tyler Bass,BUF,23,K,16,0,,,0,,,,,,,0,0,1,1,0,0,0,,BassTy00
1008,Rashod Berry,NWE,24,TE,3,0,,,0,,,,,,,,0,1,1,0,0,0,,BerrRa01
1009,Joel Bitonio*,CLE,29,LG,16,16,,,0,,,,,,,,0,1,1,0,0,0,,BitoJo00
1010,C.J. Board,NYG,27,WR,14,4,,,0,,,,,,,0,0,2,1,1,0,0,,BoarC.00
1011,Corey Bojorquez,BUF,24,P,16,0,,,0,,,,,,,0,0,1,1,0,0,0,,BojoCo00
1012,Reggie Bonnafon,CAR,24,RB,2,0,,,0,,,,,,,0,0,1,1,0,0,0,,BonnRe00
1013,Devontae Booker,LVR,28,RB,16,1,,,0,,,0,1,1,0,0,0,2,1,1,0,0,,BookDe00
1014,Matt Breida,MIA,25,RB,12,1,,,0,,,0,2,1,0,0,0,2,1,1,0,0,,BreiMa00
1015,Antoine Brooks Jr.,PIT,22,S,4,0,,,0,,,,,,,,0,2,1,1,0,0,,BrooAn00
1016,Andrew Brown,2TM,25,DT,7,0,,,0,,,,,,,0,1,3,1,2,1,1,,BrowAn05
1017,Malcolm Brown,LAR,27,RB,16,0,,,0,,,0,1,0,0,0,0,1,1,0,0,0,,BrowMa03
1018,Noah Brown,DAL,24,WR,16,1,,,0,,,,,,,0,0,2,1,1,0,0,,BrowNo00
1019,Brandin Bryant,BUF,27,DT,1,0,,,0,,,,,,,,0,1,1,0,0,0,,BryaBr00
1020,Michael Burton,NOR,28,RB,15,4,,,0,,,,,,,0,0,1,1,0,0,0,,BurtMi00
1021,Trey Burton,IND,29,TE,13,4,,,0,,,,,,,0,0,2,1,1,0,0,,BurtTr01
1022,Harrison Butker,KAN,25,K,16,0,,,0,,,,,,,0,0,1,1,0,0,0,,ButkHa00
1023,Jake Butt,DEN,25,TE,5,1,,,0,,,,,,,0,0,1,1,0,0,0,,ButtJa00
1024,Marquez Callaway,NOR,22,WR,11,3,,,0,,,0,0,2,0,0,0,1,1,0,0,0,,CallMa01
1025,Kameron Canaday,PIT,27,C,16,0,,,0,,,,,,,,0,2,1,1,0,0,,CanaKa00
1026,Brandon Carr,DAL,34,DB,3,0,,,0,,,,,,,,0,1,1,0,0,0,,CarrBr99
1027,Quintez Cephus,DET,22,WR,13,2,,,0,,,,,,,0,0,1,1,0,0,0,,CephQu00
1028,Sean Chandler,NYG,24,DB,3,0,,,0,,,,,,,,0,1,1,0,0,0,,ChanSe00
1029,Anthony Chesley,HOU,24,DB,3,0,,,0,,,,,,,,0,1,1,0,0,0,,ChesAn00
1030,Cole Christiansen,LAC,23,LB,4,0,,,0,,,,,,,,0,2,1,1,0,0,,ChriCo00
1031,Jack Cichy,TAM,25,LB,6,0,,,0,,,,,,,,0,2,1,1,0,0,,CichJa00
1032,Tyrie Cleveland,DEN,23,WR,10,0,,,0,,,,,,,0,0,2,1,1,0,0,,ClevTy00
1033,Kameron Cline,IND,22,DT,1,0,,,0,,,,,,,,0,2,1,1,0,0,,ClinKa00
1034,Omari Cobb,KAN,23,LB,1,0,,,0,,,,,,,,0,1,1,0,0,0,,CobbOm00
1035,Matt Cole,SFO,24,WR,1,0,,,0,,,,,,,,0,2,1,1,0,0,,ColeMa03
1036,Tevin Coleman,SFO,27,RB,8,1,,,0,,,,,,,0,0,1,1,0,0,0,,ColeTe01
1037,Logan Cooke,JAX,25,P,14,0,,,0,,,,,,,0,0,1,1,0,0,0,,CookLo00
1038,Marquise Copeland,LAR,23,DT,1,0,,,0,,,,,,,,0,1,1,0,0,0,,CopeMa01
1039,Bryan Cox Jr.,BUF,26,DE,1,0,,,0,,,,,,,,0,1,1,0,0,0,,CoxxBr01
1040,Jeremy Cox,DEN,24,RB,7,1,,,0,,,,,,,,0,3,1,2,0,0,,CoxxJe00
1041,Morgan Cox*+,BAL,34,LS,15,0,,,0,,,,,,,,0,2,1,1,0,0,,CoxxMo00
1042,River Cracraft,SFO,26,WR,9,1,,,0,,,,,,,0,0,1,1,0,0,0,,CracRi00
1043,Ken Crawley,NOR,27,DB,6,0,1,-1,0,-1,1,0,1,1,0,0,0,1,1,0,0,0,,CrawKe02
1044,Mason Crosby,GNB,36,K,16,0,,,0,,,,,,,0,0,1,1,0,0,0,,CrosMa20
1045,Austin Cutting,MIN,24,LS,9,0,,,0,,,,,,,,0,1,1,0,0,0,,CuttAu00
1046,Johnathan Cyprien,SFO,30,DB,4,0,,,0,,,1,,,,,0,2,1,1,0,0,,CyprJo00
1047,DeeJay Dallas,SEA,22,RB,12,2,,,0,,,,,,,0,0,2,1,1,0,0,,DallDe00
1048,Darrell Daniels,ARI,26,TE,12,8,,,0,,,1,0,0,0,0,0,1,1,0,0,0,,DaniDa02
1049,Khalil Davis,TAM,24,DT,2,0,,,0,,,,,,,,0,2,1,1,0,2,,DaviKh00
1050,Noah Dawkins,NYJ,23,LB,5,0,,,0,,,,,,,,0,1,1,0,0,0,,DawkNo00
1051,Sheldon Day,IND,26,DT,4,0,0,0,0,0,1,,,,,,0,2,1,1,0,0,,DayxSh00
1052,Andrew DePaola,MIN,33,C,7,0,,,0,,,0,0,1,0,0,0,1,1,0,0,0,,DePaAn00
1053,Seth Devalve,ARI,27,TE,4,0,,,0,,,0,0,1,0,0,0,1,1,0,0,0,,DevaSe00
1054,Michael Dickson,SEA,24,K,16,0,,,0,,,,,,,0,0,1,1,0,0,0,,DickMi00
1055,Michael Dogbe,ARI,24,DE,3,0,,,0,,,,,,,0,1,1,1,0,1,1,,DogbMi00
1056,Jamil Douglas,TEN,28,G,14,0,,,0,,,0,1,0,0,0,0,1,1,0,0,0,,DougJa00
1057,Rico Dowdle,DAL,22,RB,15,0,,,0,,,,,,,0,0,4,1,3,0,0,,DowdRi01
1058,Jake Elliott,PHI,25,K,16,0,,,0,,,,,,,0,0,1,1,0,0,0,,ElliJa03
1059,Kyle Emanuel,2TM,29,DE,8,0,,,0,,,,,,,,0,3,1,2,0,0,,EmanKy00
1060,Darrynton Evans,TEN,22,RB,5,0,,,0,,,,,,,0,0,1,1,0,0,0,,EvanDa02
1061,Blake Ferguson,MIA,23,LS,16,0,,,0,,,,,,,,0,2,1,1,0,0,,FergBl00
1062,Kai Forbath,LAR,33,K,2,0,,,0,,,,,,,0,0,1,1,0,0,0,,ForbKa00
1063,Dee Ford,SFO,29,LB,1,0,,,0,,,,,,,,0,3,1,2,0,0,,FordDe00
1064,D.J. Foster,ARI,27,WR,10,0,,,0,,,,,,,0,0,3,1,2,0,0,,FostD.01
1065,Bennie Fowler,NOR,29,WR,5,0,,,0,,,0,0,1,0,0,0,1,1,0,0,0,,FowlBe00
1066,Jack Fox*,DET,24,P,16,0,,,0,,,0,0,1,0,0,0,1,1,0,0,0,,FoxxJa01
1067,Trevis Gipson,CHI,23,DE,7,0,,,0,,,,,,,,0,5,1,4,0,3,,GipsTr00
1068,Stephen Gostkowski,TEN,36,K,15,0,,,0,,,,,,,0,0,1,1,0,0,0,,GostSt20
1069,Jaeden Graham,ATL,25,TE,16,0,,,0,,,,,,,0,0,3,1,2,0,0,,GrahJa01
1070,Jalen Guyton,LAC,23,WR,16,9,,,0,,,0,0,1,0,0,0,1,1,0,0,0,,GuytJa01
1071,Marvin Hall,2TM,27,WR,12,6,,,0,,,,,,,0,0,1,1,0,0,0,,HallMa02
1072,Clark Harris,CIN,36,LS,16,0,,,0,,,,,,,,0,1,1,0,0,0,,HarrCl20
1073,Demone Harris,KAN,25,DE,1,0,,,0,,,,,,,,0,3,1,2,0,0,,HarrDe06
1074,Trent Harris,NYG,25,DT,4,2,,,0,,,,,,,0,0.5,5,1,4,0,1,,HarrTr01
1075,J.T. Hassell,NYJ,25,LB,3,0,,,0,,,,,,,,0,1,1,0,0,0,,HassJT00
1076,Dontrell Hilliard,2TM,25,RB,7,0,,,0,,,,,,,0,0,1,1,0,0,0,,HillDo00
1077,KhaDarel Hodge,CLE,25,WR,9,0,,,0,,,,,,,0,0,1,1,0,0,0,,HodgKh00
1078,Mack Hollins,MIA,27,WR,16,2,,,0,,,0,1,0,0,0,0,3,1,2,0,0,,HollMa00
1079,Dustin Hopkins,WAS,30,K,16,0,,,0,,,,,,,0,0,1,1,0,0,0,,HopkDu00
1080,Juju Hughes,LAR,22,DB,12,0,,,0,,,,,,,,0,3,1,2,0,0,,HughJu00
1081,Charley Hughlett,CLE,30,LS,16,0,,,0,,,,,,,,0,1,1,0,0,0,,HughCh01
1082,Alec Ingold,LVR,24,FB,16,4,,,0,,,0,0,1,0,0,0,1,1,0,0,0,,IngoAl01
1083,Bennett Jackson,NYJ,29,DB,4,0,,,0,,,,,,,,0,1,1,0,0,0,,JackBe00
1084,Justin Jackson,LAC,24,RB,9,4,,,0,,,,,,,0,0,3,1,2,0,0,,JackJu01
1085,Michael Jackson,NWE,23,DB,1,0,,,0,,,,,,,,0,1,1,0,0,0,,JackMi01
1086,Andy Janovich,CLE,27,RB,14,3,,,0,,,,,,,0,0,3,1,2,0,0,,JanoAn00
1087,Marcus Johnson,IND,26,WR,11,3,,,0,,,1,0,0,0,0,0,1,1,0,0,0,,JohnMa07
1088,Benito Jones,MIA,23,DT,6,0,,,0,,,,,,,,0,2,1,1,1,0,,JoneBe03
1089,Joseph Jones,DEN,26,LB,14,0,,,0,,,,,,,,0,3,1,2,0,0,,JoneJo05
1090,Joshua Kelley,LAC,23,RB,14,0,,,0,,,0,2,0,0,0,0,1,1,0,0,0,,KellJo01
1091,Casey Kreiter,NYG,30,LS,16,0,,,0,,,,,,,,0,1,1,0,0,0,,KreiCa00
1092,Patrick Laird,MIA,25,RB,16,0,,,0,,,0,1,0,0,0,0,1,1,0,0,0,,LairPa00
1093,Devaroe Lawrence,WAS,28,DT,1,0,,,0,,,,,,,,0,1,1,0,0,0,,LawrDe02
1094,Darron Lee,BUF,26,LB,2,0,,,0,,,,,,,,0,1,1,0,0,0,,LeexDa00
1095,Jessie Lemonier,LAC,23,DE,6,0,,,0,,,,,,,,0,2,1,1,0,2,,LemoJe00
1096,Rick Lovato,PHI,28,LS,16,0,,,0,,,,,,,,0,6,1,5,0,0,,LovaRi00
1097,Dylan Mabin,2TM,23,DB,4,0,,,0,,,,,,,,0,2,1,1,0,0,,MabiDy00
1098,Isaiah Mack,2TM,24,DT,8,0,,,0,,,,,,,,0,3,1,2,0,1,,MackIs00
1099,Ross Matiscik,JAX,24,LS,16,0,,,0,,,,,,,,0,2,1,1,0,0,,MatiRo00
1100,Jared Mayden,SFO,22,S,2,0,,,0,,,,,,,,0,1,1,0,0,0,,MaydJa01
1101,Cole Mazza,LAC,25,C,16,0,,,0,,,,,,,,0,4,1,3,0,0,,MazzCo01
1102,Ray-Ray McCloud,PIT,24,WR,16,2,,,0,,,0,2,0,0,0,0,1,1,0,0,0,,McClRa00
1103,Brandon McManus,DEN,29,K,15,0,,,0,,,,,,,0,0,1,1,0,0,0,,McMaBr01
1104,Jordan Miller,ATL,23,DB,1,0,,,0,,,,,,,,0,1,1,0,0,0,,MillJo05
1105,Steven Mitchell,HOU,26,WR,6,1,,,0,,,,,,,0,0,1,1,0,0,0,,MitcSt02
1106,Stanley Morgan Jr.,CIN,24,WR,6,0,,,0,,,,,,,,0,3,1,2,0,0,,MorgSt02
1107,Larrell Murchison,TEN,23,DT,10,0,,,0,,,,,,,,0,5,1,4,1,0,,MurcLa00
1108,Netane Muti,DEN,21,G,4,1,,,0,,,,,,,,0,1,1,0,0,0,,MutiNe00
1109,Jason Myers,SEA,29,K,16,0,,,0,,,,,,,0,0,2,1,1,0,0,,MyerJa00
1110,Kai Nacua,SFO,25,DB,5,0,,,0,,,,,,,,0,1,1,0,0,0,,NacuKa00
1111,Kyle Nelson,SFO,34,C,3,0,,,0,,,,,,,,0,1,1,0,0,0,,NelsKy00
1112,Mark Nzeocha,SFO,30,LB,5,0,,,0,,,,,,,,0,1,1,0,0,0,,NzeoMa00
1113,Julian Okwara,DET,23,LB,6,0,,,0,,,,,,,,0,3,1,2,1,0,,OkwaJu00
1114,Gunner Olszewski+,NWE,24,WR,13,2,,,0,,,0,1,1,0,0,0,2,1,1,0,0,,OlszGu00
1115,Joe Ostman,PHI,25,DE,3,0,,,0,,,,,,,,0,1,1,0,0,0,,OstmJo00
1116,Devine Ozigbo,JAX,24,RB,8,0,,,0,,,,,,,0,0,2,1,1,0,0,,OzigDe01
1117,Taybor Pepper,SFO,26,LS,12,0,,,0,,,,,,,,0,2,1,1,0,0,,PeppTa00
1118,Artavis Pierce,CHI,24,RB,5,0,,,0,,,,,,,0,0,2,1,1,0,0,,PierAr00
1119,Bradley Pinion,TAM,26,P,16,0,,,0,,,,,,,0,0,1,1,0,0,0,,PiniBr00
1120,Tony Pollard,DAL,23,RB,16,2,,,0,,,,,,,0,0,1,1,0,0,0,,PollTo00
1121,Brandon Powell,ATL,25,WR,15,1,,,0,,,0,2,0,0,0,0,1,1,0,0,0,,PoweBr00
1122,Bobby Price,DET,22,DB,2,0,,,0,,,,,,,,0,1,1,0,0,0,,PricBo00
1123,Justin Pugh,ARI,30,LG,15,15,,,0,,,,,,,,0,1,1,0,0,0,,PughJu00
1124,Damarious Randall,SEA,28,DB,10,0,,,0,,,,,,,,0,3,1,2,0,0,,RandDa00
1125,Kalif Raymond,TEN,26,WR,15,3,,,0,,,,,,,0,0,2,1,1,0,0,,RaymKa00
1126,Joe Reed,LAC,22,WR,11,0,,,0,,,0,0,1,0,0,0,3,1,2,0,0,,ReedJo03
1127,Hunter Renfrow,LVR,25,WR,16,6,,,0,,,0,2,0,0,0,0,1,1,0,0,0,,RenfHu00
1128,Reggie Robinson II,DAL,23,CB,5,0,,,0,,,1,,,,,0,1,1,0,0,0,,RobiRe00
1129,Anthony Rush,2TM,24,DT,5,0,,,0,,,,,,,0,0.5,5,1,4,0,1,,RushAn00
1130,Jaylen Samuels,PIT,24,RB,14,1,,,0,,,,,,,0,0,1,1,0,0,0,,SamuJa00
1131,Cairo Santos,CHI,29,K,16,0,,,0,,,,,,,0,0,1,1,0,0,0,,SantCa01
1132,Eric Saubert,JAX,26,TE,8,4,,,0,,,,,,,0,0,2,1,1,0,0,,SaubEr00
1133,Patrick Scales,CHI,32,LS,16,0,,,0,,,,,,,,0,1,1,0,0,0,,ScalPa00
1134,Mason Schreck,CIN,27,TE,14,1,,,0,,,,,,,,0,1,1,0,0,0,,SchrMa00
1135,Anthony Sherman,KAN,32,RB,13,1,,,0,,,,,,,0,0,1,1,0,0,0,,SherAn00
1136,Irv Smith Jr.,MIN,22,TE,13,7,,,0,,,,,,,0,0,1,1,0,0,0,,SmitIr01
1137,Vyncint Smith,NYJ,24,WR,7,0,,,0,,,,,,,0,0,3,1,2,0,0,,SmitVy00
1138,Equanimeous St. Brown,GNB,24,WR,12,1,,,0,,,,,,,0,0,1,1,0,0,0,,St.BEq00
1139,Luke Stocker,ATL,32,TE,16,13,,,0,,,,,,,0,0,2,1,1,0,0,,StocLu00
1140,Jason Strowbridge,MIA,24,DE,8,0,,,0,,,,,,,,0,3,1,2,1,0,,StroJa02
1141,Nick Sundberg,WAS,33,LS,16,0,,,0,,,,,,,,0,1,1,0,0,0,,SundNi00
1142,Josh Thomas,BUF,24,DB,2,0,,,0,,,,,,,,0,1,1,0,0,0,,ThomJo06
1143,Mike Thomas,CIN,26,WR,14,0,,,0,,,0,1,0,0,0,0,1,1,0,0,0,,ThomMi04
1144,Neiko Thorpe,SEA,30,DB,3,0,,,0,,,,,,,,0,1,1,0,0,0,,ThorNe00
1145,Eric Tomlinson,2TM,28,TE,7,2,,,0,,,,,,,,0,1,1,0,0,0,,TomlEr01
1146,Drue Tranquill,LAC,25,LB,1,1,,,0,,,,,,,,0,1,1,0,0,0,,TranDr00
1147,Adam Trautman,NOR,23,TE,15,6,,,0,,,,,,,0,0,1,1,0,0,0,,TrauAd00
1148,Justin Tucker*,BAL,31,K,16,0,,,0,,,,,,,0,0,1,1,0,0,0,,TuckJu00
1149,Malik Turner,DAL,24,WR,6,0,,,0,,,,,,,,0,1,1,0,0,0,,TurnMa00
1150,Greg Van Roten,NYJ,30,RG,13,13,,,0,,,,,,,,0,1,1,0,0,0,,VanRGr00
1151,Dee Virgin,DET,27,DB,2,0,,,0,,,,,,,,0,1,1,0,0,0,,VirgDe00
1152,Reggie Walker,ARI,24,LB,1,0,,,0,,,,,,,,0,1,1,0,0,0,,WalkRe01
1153,Tress Way,WAS,30,P,16,0,,,0,,,,,,,0,0,1,1,0,0,0,,WayxTr00
1154,Joe Webb,NYG,34,QB,2,0,,,0,,,,,,,,0,1,1,0,0,0,,WebbJo00
1155,Jon Weeks,HOU,34,LS,16,0,,,0,,,,,,,,0,1,1,0,0,0,,WeekJo00
1156,Chris Westry,DAL,23,DB,2,0,,,0,,,,,,,,0,1,1,0,0,0,,WestCh03
1157,Brandon Williams,NYG,28,DB,6,0,,,0,,,,,,,,0,1,1,0,0,0,,WillBr07
1158,Cedrick Wilson Jr.,DAL,25,WR,16,0,,,0,,,1,0,0,0,0,0,1,1,0,0,0,,WilsCe01
1159,Quincy Wilson,NYJ,24,DB,3,1,,,0,,,,,,,,0,1,1,0,1,0,,WilsQu01
1160,Charlie Woerner,SFO,23,TE,14,0,,,0,,,,,,,0,0,2,1,1,0,0,,WoerCh00
1161,Isaiah Wright,WAS,23,WR,14,6,,,0,,,0,3,2,0,0,0,2,1,1,0,0,,WrigIs01
1162,Brandon Aiyuk,SFO,22,WR,12,11,,,0,,,0,0,1,5,0,0,,,,,,,AiyuBr00
1163,Otaro Alaka,BAL,24,LB,5,0,,,0,,,,,,,,0,1,0,1,0,0,,AlakOt01
1164,Josh Allen*,BUF,24,QB,16,16,,,0,,,0,9,1,-2,0,0,,,,,,,AlleJo02
1165,Auzoyah Alufohai,HOU,24,DT,3,0,,,0,,,,,,,,0,1,0,1,0,0,,AlufAu00
1166,JJ Arcega-Whiteside,PHI,24,WR,8,0,,,0,,,0,0,1,0,1,0,,,,,,,ArceJJ00
1167,Dan Arnold,ARI,25,TE,16,5,,,0,,,0,2,1,0,0,0,,,,,,,ArnoDa00
1168,Kalen Ballage,2TM,25,RB,11,2,,,0,,,0,1,1,0,0,0,,,,,,,BallKa00
1169,Peyton Barber,WAS,26,RB,16,2,,,0,,,,,,,0,0,2,0,2,0,0,,BarbPe01
1170,Alex Barrett,SFO,26,DE,7,0,,,0,,,,,,,,0,5,0,5,0,2,,BarrAl00
1171,Cameron Batson,TEN,25,WR,12,1,,,0,,,0,1,1,-5,0,0,,,,,,,BatsCa00
1172,Kelvin Beachum,ARI,31,RT,16,16,,,0,,,0,0,1,0,0,0,,,,,,,BeacKe00
1173,Nick Boyle,BAL,27,TE,9,9,,,0,,,0,0,1,0,0,0,,,,,,,BoylNi00
1174,Tim Boyle,GNB,26,QB,8,0,,,0,,,0,1,1,0,0,0,,,,,,,BoylTi00
1175,Bradley Bozeman,BAL,26,LG,16,16,,,0,,,0,0,1,0,0,0,,,,,,,BozeBr00
1176,Garrett Bradbury,MIN,25,C,16,16,,,0,,,0,1,2,-12,0,0,,,,,,,BradGa00
1177,Hunter Bradley,GNB,26,LS,16,0,,,0,,,,,,,,0,1,0,1,0,0,,BradHu00
1178,Tom Brady,TAM,43,QB,16,16,,,0,,,0,4,3,-6,0,0,,,,,,,BradTo00
1179,Drew Brees,NOR,41,QB,12,12,,,0,,,0,6,2,0,0,0,,,,,,,BreeDr00
1180,Aaron Brewer,ARI,30,LS,16,0,,,0,,,0,0,1,0,0,0,,,,,,,BrewAa00
1181,Teddy Bridgewater,CAR,28,QB,15,15,,,0,,,0,6,1,-7,0,0,,,,,,,BridTe00
1182,Cortez Broughton,LAC,24,DT,9,0,0,0,0,0,1,,,,,,0,4,0,4,0,0,,BrouCo00
1183,Joe Burrow,CIN,24,QB,10,10,,,0,,,0,9,4,-27,0,0,,,,,,,BurrJo01
1184,Ibraheim Campbell,IND,28,DB,5,0,,,0,,,,,,,,0,1,0,1,0,0,,CampIb00
1185,Ron'Dell Carter,DAL,23,DE,3,0,,,0,,,,,,,,0,1,0,1,0,0,,CartRo02
1186,Geron Christian,WAS,24,LT,6,6,,,0,,,0,1,1,0,0,0,,,,,,,ChriGe01
1187,AJ Cole III,LVR,25,P,16,0,,,0,,,0,1,1,-7,0,0,,,,,,,ColeAJ01
1188,Mason Cole,ARI,24,C,14,14,,,0,,,0,0,1,0,0,0,,,,,,,ColeMa02
1189,James Conner,PIT,25,RB,13,11,,,0,,,0,2,2,0,0,0,,,,,,,ConnJa00
1190,Dalvin Cook*,MIN,25,RB,14,14,,,0,,,0,5,1,0,0,0,,,,,,,CookDa01
1191,Austin Corbett,LAR,25,RG,16,16,,,0,,,0,0,1,0,0,0,,,,,,,CorbAu00
1192,Kirk Cousins,MIN,32,QB,16,16,,,0,,,0,9,1,-1,0,0,,,,,,,CousKi00
1193,Aaron Crawford,BAL,23,DT,1,0,,,0,,,,,,,,0,1,0,1,0,0,,CrawAa00
1194,Dane Cruikshank,TEN,25,DB,2,0,1,13,0,13,1,,,,,0,0,1,0,1,0,0,,CruiDa00
1195,Lloyd Cushenberry III,DEN,23,C,16,16,,,0,,,0,2,1,-7,0,0,,,,,,,CushLl00
1196,Dennis Daley,CAR,24,T,5,3,,,0,,,0,0,1,0,0,0,,,,,,,DaleDe00
1197,Gabriel Davis,BUF,21,WR,16,11,,,0,,,0,1,1,0,0,0,,,,,,,DaviGa01
1198,Jesse Davis,MIA,29,LT/RT,16,15,,,0,,,0,0,2,0,0,0,,,,,,,DaviJe00
1199,Dion Dawkins,BUF,26,LT,16,16,,,0,,,0,0,1,0,0,0,,,,,,,DawkDi00
1200,Will Dissly,SEA,24,TE,16,12,,,0,,,,,,,0,0,1,0,1,0,0,,DissWi00
1201,J.K. Dobbins,BAL,22,RB,15,1,,,0,,,0,2,2,0,0,0,,,,,,,DobbJK00
1202,Kenyan Drake,ARI,26,RB,15,13,,,0,,,0,3,1,0,0,0,,,,,,,DrakKe00
1203,Chase Edmonds,ARI,24,RB,16,2,,,0,,,0,2,1,0,0,0,,,,,,,EdmoCh00
1204,Gus Edwards,BAL,25,RB,16,6,,,0,,,1,1,0,0,0,0,,,,,,,EdwaGu00
1205,Tyler Eifert,JAX,30,TE,15,4,,,0,,,1,0,0,0,0,0,,,,,,,EifeTy00
1206,Austin Ekeler,LAC,25,RB,10,10,,,0,,,0,1,1,0,0,0,,,,,,,EkelAu00
1207,Ezekiel Elliott,DAL,25,RB,15,15,,,0,,,0,6,2,0,0,0,,,,,,,ElliEz00
1208,Sharif Finch,NYJ,25,LB,3,0,,,0,,,,,,,,0,1,0,1,0,0,,FincSh00
1209,Ryan Fitzpatrick,MIA,38,QB,9,7,,,0,,,0,2,1,0,0,0,,,,,,,FitzRy00
1210,Joe Flacco,NYJ,35,QB,5,4,,,0,,,0,1,1,-6,0,0,,,,,,,FlacJo00
1211,Nick Foles,CHI,31,QB,9,7,,,0,,,0,2,2,0,0,0,,,,,,,FoleNi00
1212,Robert Foster,WAS,26,WR,4,2,,,0,,,,,,,0,0,1,0,1,0,0,,FostRo01
1213,Leonard Fournette,TAM,25,RB,13,3,,,0,,,0,0,1,0,0,0,,,,,,,FourLe00
1214,Travis Fulgham,PHI,25,WR,13,8,,,0,,,0,0,1,0,0,0,,,,,,,FulgTr00
1215,Blaine Gabbert,TAM,31,QB,4,0,,,0,,,0,1,1,0,0,0,,,,,,,GabbBl00
1216,Wayne Gallman,NYG,26,RB,15,10,,,0,,,0,1,1,0,0,0,,,,,,,GallWa00
1217,Graham Gano,NYG,33,K,16,0,,,0,,,,,,,0,0,1,0,1,0,0,,GanoGr44
1218,Joe Gaziano,LAC,24,DE,2,0,,,0,,,,,,,,0,1,0,1,0,1,,GaziJo01
1219,Cullen Gillaspia,HOU,25,RB,7,0,,,0,,,,,,,0,0,3,0,3,0,0,,GillCu00
1220,Ted Ginn Jr.,CHI,35,WR,6,0,,,0,,,0,1,1,0,0,0,,,,,,,GinnTe00
1221,Graham Glasgow,DEN,28,RG,13,13,,,0,,,1,,,,,0,,,,,,,GlasGr00
1222,Jared Goff,LAR,26,QB,15,15,,,0,,,0,7,1,0,0,0,,,,,,,GoffJa00
1223,Jakeem Grant,MIA,28,WR,14,4,,,0,,,0,2,1,0,0,0,,,,,,,GranJa00
1224,Todd Gurley,ATL,26,RB,15,15,,,0,,,0,2,2,0,0,0,,,,,,,GurlTo01
1225,DaeSean Hamilton,DEN,25,WR,16,2,,,0,,,0,1,1,0,0,0,,,,,,,HamiDa01
1226,Damien Harris,NWE,23,RB,10,10,,,0,,,0,1,2,0,0,0,,,,,,,HarrDa06
1227,Josh Harris,ATL,31,LS,16,0,,,0,,,,,,,,0,1,0,1,0,0,,HarrJo02
1228,Dwayne Haskins,WAS,23,QB,7,6,,,0,,,0,6,2,-7,0,0,,,,,,,HaskDw00
1229,Rob Havenstein,LAR,28,RT,16,16,,,0,,,0,0,1,0,0,0,,,,,,,HaveRo00
1230,Chad Henne,KAN,35,QB,3,1,,,0,,,0,2,1,-1,0,0,,,,,,,HennCh01
1231,Derrick Henry *+,TEN,26,RB,16,16,,,0,,,0,3,1,0,0,0,,,,,,,HenrDe00
1232,Justin Herbert,LAC,22,QB,15,15,,,0,,,0,8,3,-12,0,0,,,,,,,HerbJu00
1233,Rashard Higgins,CLE,26,WR,13,6,,,0,,,0,3,2,-22,0,0,,,,,,,HiggRa00
1234,Taysom Hill,NOR,30,WR/QB,16,8,,,0,,,0,10,3,-8,0,0,,,,,,,HillTa00
1235,Tyreek Hill*+,KAN,26,WR,15,15,,,0,,,1,1,0,0,0,0,,,,,,,HillTy00
1236,Jacob Hollister,SEA,27,TE,16,5,,,0,,,,,,,0,0,3,0,3,0,0,,HollJa03
1237,Trey Hopkins,CIN,28,C,15,15,,,0,,,0,0,1,0,0,0,,,,,,,HopkTr01
1238,Rodney Hudson,LVR,31,C,16,16,,,0,,,0,0,1,0,0,0,,,,,,,HudsRo00
1239,Kareem Hunt,CLE,25,RB,16,5,,,0,,,0,2,5,-2,0,0,,,,,,,HuntKa00
1240,Tyler Huntley,BAL,22,QB,2,0,,,0,,,0,0,1,0,0,0,,,,,,,HuntTy01
1241,James Hurst,NOR,29,T,12,5,,,0,,,0,0,1,0,0,0,,,,,,,HursJa00
1242,Jalen Hurts,PHI,22,QB,15,4,,,0,,,0,9,3,-12,0,0,,,,,,,HurtJa00
1243,Carlos Hyde,SEA,30,RB,10,1,,,0,,,0,1,1,0,0,0,,,,,,,HydeCa00
1244,Mark Ingram,BAL,31,RB,11,9,,,0,,,0,0,2,0,0,0,,,,,,,IngrMa01
1245,Andy Isabella,ARI,24,WR,13,2,,,0,,,0,1,1,0,0,0,,,,,,,IsabAn00
1246,Lamar Jackson,BAL,23,QB,15,15,,,0,,,0,10,4,-9,0,0,,,,,,,JackLa00
1247,J.J. Jansen,CAR,34,LS,16,0,,,0,,,,,,,,0,1,0,1,0,0,,JansJ.00
1248,Van Jefferson,LAR,24,WR,16,0,,,0,,,0,1,0,-11,0,0,1,0,1,0,0,,JeffVa00
1249,Timmy Jernigan,2TM,28,DT,5,0,,,0,,,,,,,,0,1,0,1,0,1,,JernTi00
1250,D'Ernest Johnson,CLE,24,RB,16,0,,,0,,,0,1,1,0,0,0,,,,,,,JohnDE04
1251,David Johnson,HOU,29,RB,12,12,,,0,,,0,2,1,0,0,0,,,,,,,JohnDa08
1252,Diontae Johnson,PIT,24,WR,15,13,,,0,,,0,2,2,4,0,0,,,,,,,JohnDi01
1253,Duke Johnson,HOU,27,RB,11,5,,,0,,,0,3,1,0,0,0,,,,,,,JohnDu00
1254,Ty Johnson,2TM,23,RB,13,1,,,0,,,,,,,0,0,1,0,1,0,0,,JohnTy02
1255,Clay Johnston,CAR,24,LB,2,0,,,0,,,,,,,,0,1,0,1,0,0,,JohnCl00
1256,Aaron Jones*,GNB,26,RB,14,14,,,0,,,0,2,1,0,0,0,,,,,,,JoneAa00
1257,Daniel Jones,NYG,23,QB,14,14,,,0,,,0,10,3,-5,0,0,,,,,,,JoneDa05
1258,Keandre Jones,CIN,23,LB,2,0,,,0,,,,,,,,0,1,0,1,0,0,,JoneKe03
1259,Peter Kalambayi,HOU,25,LB,10,0,,,0,,,,,,,,0,2,0,2,0,0,,KalaPe00
1260,Alvin Kamara*,NOR,25,RB,15,10,,,0,,,0,1,3,0,0,0,,,,,,,KamaAl00
1261,Jason Kelce*,PHI,33,C,16,16,,,0,,,0,1,2,0,0,0,,,,,,,KelcJa00
1262,Senio Kelemete,HOU,30,LG,14,5,,,0,,,0,0,1,0,0,0,,,,,,,KeleSe00
1263,Dennis Kelly,TEN,30,RT,16,16,,,0,,,0,0,1,0,0,0,,,,,,,KellDe00
1264,Brett Kern,TEN,34,P,13,0,,,0,,,0,0,1,0,0,0,,,,,,,KernBr20
1265,Younghoe Koo*,ATL,26,K,15,0,,,0,,,,,,,0,0,1,0,1,0,0,,KooxYo00
1266,Deon Lacey,BUF,30,LB,5,0,,,0,,,,,,,,0,1,0,1,0,0,,LaceDe00
1267,CeeDee Lamb,DAL,21,WR,16,14,,,0,,,0,2,1,0,0,0,,,,,,,LambCe00
1268,Jarvis Landry,CLE,28,WR,15,14,,,0,,,0,2,3,6,0,0,,,,,,,LandJa00
1269,Charles Leno Jr.,CHI,29,LT,16,16,,,0,,,0,0,1,0,0,0,,,,,,,LenoCh00
1270,Drew Lock,DEN,24,QB,13,13,,,0,,,0,8,5,-5,0,0,,,,,,,LockDr00
1271,Cole Luke,WAS,25,DB,5,0,,,0,,,,,,,,0,1,0,1,0,0,,LukeCo00
1272,Jake Luton,JAX,24,QB,3,3,,,0,,,0,2,1,0,0,0,,,,,,,LutoJa00
1273,Patrick Mahomes*,KAN,25,QB,15,15,,,0,,,0,5,2,-10,0,0,,,,,,,MahoPa00
1274,Jordan Mailata,PHI,23,LT,15,10,,,0,,,1,0,1,0,0,0,,,,,,,MailJo00
1275,Sam Martin,DEN,30,P,16,0,,,0,,,0,1,1,-12,0,0,,,,,,,MartSa01
1276,Shaq Mason,NWE,27,RG,13,13,,,0,,,0,0,1,0,0,0,,,,,,,MasoSh01
1277,Bobby Massie,CHI,31,RT,8,8,,,0,,,0,0,1,0,0,0,,,,,,,MassBo00
1278,Baker Mayfield,CLE,25,QB,16,16,,,0,,,0,8,2,-15,0,0,,,,,,,MayfBa00
1279,Connor McGovern,NYJ,27,C,16,16,,,0,,,0,0,1,0,0,0,,,,,,,McGoCo00
1280,Sean McKeon,DAL,23,TE,14,1,,,0,,,,,,,,0,1,0,1,0,0,,McKeSe01
1281,Anthony Miller,CHI,26,WR,16,6,,,0,,,0,2,2,0,0,0,,,,,,,MillAn02
1282,Gardner Minshew II,JAX,24,QB,9,8,,,0,,,0,5,1,1,0,0,,,,,,,MinsGa00
1283,Jovante Moffatt,CLE,24,S,9,0,,,0,,,,,,,,0,1,0,1,0,0,,MoffJo01
1284,Darnell Mooney,CHI,23,WR,16,9,,,0,,,0,1,1,0,0,0,,,,,,,MoonDa00
1285,D.J. Moore,CAR,23,WR,15,14,,,0,,,1,0,1,1,0,0,,,,,,,MoorD.00
1286,David Moore,SEA,25,WR,16,6,,,0,,,0,1,2,0,0,0,,,,,,,MoorDa03
1287,Foster Moreau,LVR,23,TE,16,2,,,0,,,,,,,0,0,1,0,1,0,0,,MoreFo00
1288,Mitch Morse,BUF,28,C,14,14,,,0,,,0,0,1,0,0,0,,,,,,,MorsMi00
1289,Morgan Moses,WAS,29,RT,16,16,,,0,,,1,,,,,0,,,,,,,MoseMo00
1290,Don Muhlbach,DET,39,LS,16,0,,,0,,,0,1,0,0,0,0,1,0,1,0,0,,MuhlDo20
1291,Nick Mullens,SFO,25,QB,10,8,,,0,,,0,6,1,0,0,0,,,,,,,MullNi00
1292,Kyler Murray*,ARI,23,QB,16,16,,,0,,,0,9,2,-3,0,0,,,,,,,MurrKy00
1293,Cam Newton,NWE,31,QB,15,15,,,0,,,0,6,3,-29,0,0,,,,,,,NewtCa00
1294,Michael Onwenu,NWE,23,RT,16,16,,,0,,,0,0,2,0,0,0,,,,,,,OnweMi00
1295,Nate Orchard,WAS,27,DE,3,0,,,0,,,,,,,,0,2,0,2,0,0,,OrchNa00
1296,Walter Palmore,DAL,24,DT,1,0,,,0,,,,,,,,0,1,0,1,0,1,,PalmWa01
1297,Donald Parham,LAC,23,TE,13,5,,,0,,,0,0,1,0,0,0,,,,,,,ParhDo00
1298,Andrus Peat*,NOR,27,LG,13,13,,,0,,,0,0,1,0,0,0,,,,,,,PeatAn00
1299,Malcolm Perry,MIA,23,WR,9,2,,,0,,,0,1,1,0,0,0,,,,,,,PerrMa00
1300,Tyre Phillips,BAL,23,RG,12,8,,,0,,,0,0,1,13,0,0,,,,,,,PhilTy00
1301,Ethan Pocic,SEA,25,C,14,14,,,0,,,0,0,1,0,0,0,,,,,,,PociEt00
1302,Troymaine Pope,LAC,27,RB,6,0,,,0,,,0,0,1,0,0,0,,,,,,,PopeTr00
1303,MyCole Pruitt,TEN,28,TE,11,4,,,0,,,0,0,1,3,1,0,,,,,,,PruiMy00
1304,Frank Ragnow*,DET,24,C,14,14,,,0,,,0,1,1,-5,0,0,,,,,,,RagnFr00
1305,Jalen Reagor,PHI,21,WR,11,11,,,0,,,0,2,1,0,0,0,,,,,,,ReagJa00
1306,J.R. Reed,LAR,24,S,7,0,,,0,,,,,,,,0,2,0,2,0,0,,ReedJR01
1307,Riley Reiff,MIN,32,LT,15,15,,,0,,,0,0,2,0,0,0,,,,,,,ReifRi00
1308,Josh Reynolds,LAR,25,WR,16,13,,,0,,,0,2,2,-2,0,0,,,,,,,ReynJo00
1309,Cam Robinson,JAX,25,LT,16,16,,,0,,,0,0,1,0,0,0,,,,,,,RobiCa00
1310,James Robinson,JAX,22,RB,14,14,,,0,,,0,3,1,0,0,0,,,,,,,RobiJa00
1311,Kenny Robinson Jr.,CAR,21,S,9,0,,,0,,,,,,,,0,1,0,1,0,0,,RobiKe02
1312,Aaron Rodgers*+,GNB,37,QB,16,16,,,0,,,0,4,1,-13,0,0,,,,,,,RodgAa00
1313,Richard Rodgers,PHI,28,TE,14,4,,,0,,,,,,,0,0,2,0,2,0,0,,RodgRi00
1314,Ben Roethlisberger,PIT,38,QB,15,15,,,0,,,0,5,2,-13,0,0,,,,,,,RoetBe00
1315,Aldrick Rosas,JAX,26,K,6,0,,,0,,,0,1,1,0,0,0,,,,,,,RosaAl00
1316,Kyle Rudolph,MIN,31,TE,12,12,,,0,,,0,1,1,0,0,0,,,,,,,RudoKy00
1317,Henry Ruggs III,LVR,21,WR,13,12,,,0,,,0,2,1,0,0,0,,,,,,,RuggHe00
1318,Matt Ryan,ATL,35,QB,16,16,,,0,,,0,6,1,-3,0,0,,,,,,,RyanMa00
1319,Ty Sambrailo,TEN,28,LT,10,5,,,0,,,0,0,1,0,0,0,,,,,,,SambTy00
1320,Curtis Samuel,CAR,24,WR,15,5,,,0,,,0,1,1,0,0,0,,,,,,,SamuCu00
1321,Miles Sanders,PHI,23,RB,12,11,,,0,,,0,4,1,7,0,0,,,,,,,SandMi01
1322,Dalton Schultz,DAL,24,TE,16,14,,,0,,,0,1,1,0,0,0,,,,,,,SchuDa00
1323,Isaac Seumalo,PHI,27,LG,9,9,,,0,,,0,0,1,0,0,0,,,,,,,SeumIs00
1324,Brady Sheldon,NYJ,27,LB,2,0,,,0,,,,,,,,0,1,0,1,0,0,,ShelBr01
1325,Laviska Shenault Jr.,JAX,22,WR,14,12,,,0,,,1,0,0,0,0,0,,,,,,,ShenLa00
1326,Steven Sims,WAS,23,WR,12,2,,,0,,,0,4,2,0,0,0,,,,,,,SimsSt00
1327,Dan Skipper,DET,26,T,5,0,,,0,,,,,,,,0,1,0,1,0,0,,SkipDa00
1328,Alex Smith,WAS,36,QB,8,6,,,0,,,0,2,2,-4,0,0,,,,,,,SmitAl03
1329,Braden Smith,IND,24,RT,14,14,,,0,,,0,0,1,0,0,0,,,,,,,SmitBr06
1330,Kaden Smith,NYG,23,TE,15,12,,,0,,,0,1,1,0,0,0,,,,,,,SmitKa00
1331,Rodney Smith,CAR,24,RB,7,1,,,0,,,0,1,1,0,0,0,,,,,,,SmitRo08
1332,Terrance Smith,ARI,27,LB,3,0,,,0,,,,,,,,0,2,0,2,0,0,,SmitTe04
1333,Tre'Quan Smith,NOR,24,WR,14,10,,,0,,,0,1,2,0,0,0,,,,,,,SmitTr03
1334,JuJu Smith-Schuster,PIT,24,WR,16,14,,,0,,,0,3,2,0,0,0,,,,,,,SmitJu00
1335,Diontae Spencer,DEN,28,WR,11,0,,,0,,,0,2,2,0,0,0,,,,,,,SpenDi00
1336,Matthew Stafford,DET,32,QB,16,16,,,0,,,0,2,1,-1,0,0,,,,,,,StafMa00
1337,Terence Steele,DAL,23,RT,16,14,,,0,,,0,0,1,0,0,0,,,,,,,SteeTe01
1338,Stephen Sullivan,SEA,24,TE,1,0,,,0,,,,,,,,0,1,0,1,0,0,,SullSt00
1339,Geoff Swaim,TEN,27,WR,10,8,,,0,,,,,,,0,0,1,0,1,0,0,,SwaiGe00
1340,Tua Tagovailoa,MIA,22,QB,10,9,,,0,,,0,1,1,0,0,0,,,,,,,TagoTu00
1341,Ryan Tannehill,TEN,32,QB,16,16,,,0,,,0,6,3,-19,0,0,,,,,,,TannRy00
1342,Andrew Thomas,NYG,21,LT,16,15,,,0,,,0,0,1,0,0,0,,,,,,,ThomAn02
1343,Logan Thomas,WAS,29,TE,16,15,,,0,,,0,0,1,0,0,0,,,,,,,ThomLo00
1344,Solomon Thomas,SFO,25,DE,2,2,,,0,,,,,,,,0,2,0,2,0,0,,ThomSo00
1345,Casey Toohill,2TM,24,DE,9,0,,,0,,,,,,,,0,2,0,2,0,1,,ToohCa00
1346,Mitchell Trubisky,CHI,26,QB,10,9,,,0,,,0,6,3,-1,0,0,,,,,,,TrubMi00
1347,Ke'Shawn Vaughn,TAM,23,RB,10,0,,,0,,,0,1,1,0,0,0,,,,,,,VaugKe00
1348,Alejandro Villanueva,PIT,32,LT,16,16,,,0,,,0,0,1,0,0,0,,,,,,,VillAl00
1349,P.J. Walker,CAR,25,QB,4,1,,,0,,,0,1,1,-1,0,0,,,,,,,WalkPh00
1350,Broderick Washington Jr.,BAL,24,DT,8,0,,,0,,,,,,,,0,2,0,2,0,0,,WashBr01
1351,Sammy Watkins,KAN,27,WR,10,9,,,0,,,1,1,0,0,0,0,,,,,,,WatkSa00
1352,Deshaun Watson*,HOU,25,QB,16,16,,,0,,,0,8,2,-13,0,0,,,,,,,WatsDe00
1353,Carson Wentz,PHI,28,QB,12,12,,,0,,,0,10,4,-17,0,0,,,,,,,WentCa00
1354,Chad Wheeler,SEA,26,C,5,0,,,0,,,0,0,1,0,0,0,,,,,,,WheeCh00
1355,James White,NWE,28,RB,14,0,,,0,,,0,1,1,0,0,0,,,,,,,WhitJa02
1356,Darrel Williams,KAN,25,RB,16,0,,,0,,,0,0,1,0,0,0,,,,,,,WillDa10
1357,Jarren Williams,NYG,23,CB,2,0,,,0,,,,,,,,0,1,0,1,0,0,,WillJa09
1358,Mike Williams,LAC,26,WR,15,11,1,0,0,0,1,0,0,1,0,0,0,,,,,,,WillMi07
1359,Jeff Wilson,SFO,25,RB,12,3,,,0,,,0,2,1,0,0,0,,,,,,,WilsJe01
1360,Javon Wims,CHI,26,WR,13,1,,,0,,,,,,,0,0,1,0,1,0,0,,WimsJa00
1361,Isaiah Wynn,NWE,25,LT,10,10,,,0,,,0,0,1,0,0,0,,,,,,,WynnIs00
1362,T.J. Yeldon,BUF,27,RB,3,0,,,0,,,0,1,1,0,0,0,,,,,,,YeldT.00
1363,Brandon Zylstra,CAR,27,WR,16,2,,,0,,,0,0,1,0,1,0,,,,,,,ZylsBr00